Date,Title,Company,URL,Deadline,Location,Experience,Requirement,Job Type
2024-03-26,AI 머신러닝 데이터분석가 등 경력 채용,(주)에이아이더뉴트리진,http://www.saramin.co.kr/zf_user/jobs/relay/view?view_type=search&rec_idx=47372170&location=ts&searchword=%EB%8D%B0%EC%9D%B4%ED%84%B0%EB%B6%84%EC%84%9D%EA%B0%80&searchType=search&paid_fl=n&search_uuid=e604aed9-a725-4a69-b25d-25293b4cf475,~ 03/31(일),서울 강남구,경력,대졸↑,정규직
2024-03-26,데이터분석가 모집 (수원시),(주)케이알랩바이오,http://www.saramin.co.kr/zf_user/jobs/relay/view?view_type=search&rec_idx=47524961&location=ts&searchword=%EB%8D%B0%EC%9D%B4%ED%84%B0%EB%B6%84%EC%84%9D%EA%B0%80&searchType=search&paid_fl=n&search_uuid=e604aed9-a725-4a69-b25d-25293b4cf475,~ 04/06(토),경기 수원시 영통구,경력무관,초대졸↑,정규직·계약직
2024-03-26,[넛지헬스케어] 데이터분석가 - 석사/박사,넛지헬스케어(주),http://www.saramin.co.kr/zf_user/jobs/relay/view?view_type=search&rec_idx=47662496&location=ts&searchword=%EB%8D%B0%EC%9D%B4%ED%84%B0%EB%B6%84%EC%84%9D%EA%B0%80&searchType=search&paid_fl=n&search_uuid=e604aed9-a725-4a69-b25d-25293b4cf475,~ 04/27(토),서울 강남구,경력무관,석사↑,정규직
2024-03-26,데이터엔지니어 데이터분석가 및 AI개발자 모집,(주)아이티공간,http://www.saramin.co.kr/zf_user/jobs/relay/view?view_type=search&rec_idx=47666854&location=ts&searchword=%EB%8D%B0%EC%9D%B4%ED%84%B0%EB%B6%84%EC%84%9D%EA%B0%80&searchType=search&paid_fl=n&search_uuid=e604aed9-a725-4a69-b25d-25293b4cf475,~ 03/28(목),울산 남구,신입·경력,학력무관,정규직·전문연구요원
2024-03-26,[IP빅데이터분석팀] 특허 빅데이터분석가,(주)워트인텔리전스,http://www.saramin.co.kr/zf_user/jobs/relay/view?view_type=search&rec_idx=45872579&location=ts&searchword=%EB%8D%B0%EC%9D%B4%ED%84%B0%EB%B6%84%EC%84%9D%EA%B0%80&searchType=search&paid_fl=n&search_uuid=e604aed9-a725-4a69-b25d-25293b4cf475,상시채용,서울 서초구,경력 3~10년,학력무관,정규직
2024-03-26,데이터분석가(경력 5년 이상) 채용,(주)브릭,http://www.saramin.co.kr/zf_user/jobs/relay/view?view_type=search&rec_idx=47861573&location=ts&searchword=%EB%8D%B0%EC%9D%B4%ED%84%B0%EB%B6%84%EC%84%9D%EA%B0%80&searchType=search&paid_fl=n&search_uuid=e604aed9-a725-4a69-b25d-25293b4cf475,~ 05/25(토),경기 성남시 분당구,경력5년↑,대졸↑,정규직
2024-03-26,의료 통계/데이터분석가 모집,주식회사아이노브(IKrowVCorp.),http://www.saramin.co.kr/zf_user/jobs/relay/view?view_type=search&rec_idx=47771180&location=ts&searchword=%EB%8D%B0%EC%9D%B4%ED%84%B0%EB%B6%84%EC%84%9D%EA%B0%80&searchType=search&paid_fl=n&search_uuid=e604aed9-a725-4a69-b25d-25293b4cf475,~ 05/01(수),강원 춘천시,경력2년↑,석사↑,정규직·계약직
2024-03-26,패널빅데이터센터 데이터사이언스팀 데이터 분석가(신입/경력),(주)마크로밀엠브레인,http://www.saramin.co.kr/zf_user/jobs/relay/view?view_type=search&rec_idx=47856969&location=ts&searchword=%EB%8D%B0%EC%9D%B4%ED%84%B0%EB%B6%84%EC%84%9D%EA%B0%80&searchType=search&paid_fl=n&search_uuid=e604aed9-a725-4a69-b25d-25293b4cf475,~ 04/24(수),서울 강남구,신입·경력,대졸↑,정규직
2024-03-26,카카오스타일에서 '데이터 분석가 인턴'을 모집합니다.,(주)카카오스타일,http://www.saramin.co.kr/zf_user/jobs/relay/view?view_type=search&rec_idx=47763599&location=ts&searchword=%EB%8D%B0%EC%9D%B4%ED%84%B0%EB%B6%84%EC%84%9D%EA%B0%80&searchType=search&paid_fl=n&search_uuid=e604aed9-a725-4a69-b25d-25293b4cf475,채용시,경기 성남시 분당구,경력무관,학력무관,인턴직
2024-03-26,데이터 분석가(주니어),(주)스포카,http://www.saramin.co.kr/zf_user/jobs/relay/view?view_type=search&rec_idx=47803907&location=ts&searchword=%EB%8D%B0%EC%9D%B4%ED%84%B0%EB%B6%84%EC%84%9D%EA%B0%80&searchType=search&paid_fl=n&search_uuid=e604aed9-a725-4a69-b25d-25293b4cf475,상시채용,서울 강남구,경력1년↑,학력무관,정규직
2024-03-26,[사이넷] 스포츠 데이터 분석가  (주 4일제),(주)사이넷,http://www.saramin.co.kr/zf_user/jobs/relay/view?view_type=search&rec_idx=47511063&location=ts&searchword=%EB%8D%B0%EC%9D%B4%ED%84%B0%EB%B6%84%EC%84%9D%EA%B0%80&searchType=search&paid_fl=n&search_uuid=e604aed9-a725-4a69-b25d-25293b4cf475,~ 04/05(금),서울 송파구,경력무관,대졸↑,계약직
2024-03-26,[사이넷] 데이터 분석가 채용 (주 4일제),(주)사이넷,http://www.saramin.co.kr/zf_user/jobs/relay/view?view_type=search&rec_idx=47511074&location=ts&searchword=%EB%8D%B0%EC%9D%B4%ED%84%B0%EB%B6%84%EC%84%9D%EA%B0%80&searchType=search&paid_fl=n&search_uuid=e604aed9-a725-4a69-b25d-25293b4cf475,~ 04/05(금),서울 송파구,경력무관,초대졸↑,계약직
2024-03-26,2024년도 상반기 수시 채용-데이터 분석가/컨설턴트(경력),㈜더아이엠씨,http://www.saramin.co.kr/zf_user/jobs/relay/view?view_type=search&rec_idx=47728728&location=ts&searchword=%EB%8D%B0%EC%9D%B4%ED%84%B0%EB%B6%84%EC%84%9D%EA%B0%80&searchType=search&paid_fl=n&search_uuid=e604aed9-a725-4a69-b25d-25293b4cf475,~ 04/10(수),서울 중구,경력3년↑,대졸↑,정규직
2024-03-26,데이터 분석가 (3년 이하),(주)라포랩스,http://www.saramin.co.kr/zf_user/jobs/relay/view?view_type=search&rec_idx=47736366&location=ts&searchword=%EB%8D%B0%EC%9D%B4%ED%84%B0%EB%B6%84%EC%84%9D%EA%B0%80&searchType=search&paid_fl=n&search_uuid=e604aed9-a725-4a69-b25d-25293b4cf475,상시채용,서울 강남구,신입·경력,학력무관,정규직
2024-03-26,데이터 ETL 빅데이터 분석가 모집(정부사업 수행),데이터랩(주),http://www.saramin.co.kr/zf_user/jobs/relay/view?view_type=search&rec_idx=47819943&location=ts&searchword=%EB%8D%B0%EC%9D%B4%ED%84%B0%EB%B6%84%EC%84%9D%EA%B0%80&searchType=search&paid_fl=n&search_uuid=e604aed9-a725-4a69-b25d-25293b4cf475,~ 04/19(금),경기 수원시 영통구,경력무관,대졸↑,정규직·계약직
2024-03-26,[하카코리아] 데이터 분석가 채용,(주)하카코리아,http://www.saramin.co.kr/zf_user/jobs/relay/view?view_type=search&rec_idx=47729424&location=ts&searchword=%EB%8D%B0%EC%9D%B4%ED%84%B0%EB%B6%84%EC%84%9D%EA%B0%80&searchType=search&paid_fl=n&search_uuid=e604aed9-a725-4a69-b25d-25293b4cf475,~ 04/06(토),부산 해운대구,경력5년↑,대졸↑,정규직
2024-03-26,[NICE 지니데이타] 데이터 컨설턴트/ 데이터 분석가 채용,나이스지니데이타주식회사,http://www.saramin.co.kr/zf_user/jobs/relay/view?view_type=search&rec_idx=47824327&location=ts&searchword=%EB%8D%B0%EC%9D%B4%ED%84%B0%EB%B6%84%EC%84%9D%EA%B0%80&searchType=search&paid_fl=n&search_uuid=e604aed9-a725-4a69-b25d-25293b4cf475,~ 04/14(일),서울 영등포구,경력2년↑,대졸↑,정규직
2024-03-26,[인텔리전스랩스] 데이터 분석가(게임 플레이 로그 데이터 분석),(주)넥슨코리아,http://www.saramin.co.kr/zf_user/jobs/relay/view?view_type=search&rec_idx=47765245&location=ts&searchword=%EB%8D%B0%EC%9D%B4%ED%84%B0%EB%B6%84%EC%84%9D%EA%B0%80&searchType=search&paid_fl=n&search_uuid=e604aed9-a725-4a69-b25d-25293b4cf475,채용시,경기 성남시 분당구,경력무관,학력무관,정규직
2024-03-26,[인텔리전스랩스] 데이터 분석가 (개인화 콘텐츠),(주)넥슨코리아,http://www.saramin.co.kr/zf_user/jobs/relay/view?view_type=search&rec_idx=47667463&location=ts&searchword=%EB%8D%B0%EC%9D%B4%ED%84%B0%EB%B6%84%EC%84%9D%EA%B0%80&searchType=search&paid_fl=n&search_uuid=e604aed9-a725-4a69-b25d-25293b4cf475,채용시,경기 성남시 분당구,경력2년↑,학력무관,정규직
2024-03-26,인탑스(주) 경력사원 모집 (데이터 분석가),인탑스(주),http://www.saramin.co.kr/zf_user/jobs/relay/view?view_type=search&rec_idx=47604798&location=ts&searchword=%EB%8D%B0%EC%9D%B4%ED%84%B0%EB%B6%84%EC%84%9D%EA%B0%80&searchType=search&paid_fl=n&search_uuid=e604aed9-a725-4a69-b25d-25293b4cf475,~ 04/19(금),경기 안양시 만안구,경력 5~10년,대졸↑,정규직
2024-03-26,[부산/경력 5년 이상] 데이터분석팀 - 데이터 분석가,트리노드 주식회사,http://www.saramin.co.kr/zf_user/jobs/relay/view?view_type=search&rec_idx=47748332&location=ts&searchword=%EB%8D%B0%EC%9D%B4%ED%84%B0%EB%B6%84%EC%84%9D%EA%B0%80&searchType=search&paid_fl=n&search_uuid=e604aed9-a725-4a69-b25d-25293b4cf475,~ 05/10(금),부산 해운대구,경력5년↑,대졸↑,정규직
2024-03-26,[딜리버드코리아]퍼포먼스 마케터 및 데이터 분석가 모집,(주)딜리버드코리아,http://www.saramin.co.kr/zf_user/jobs/relay/view?view_type=search&rec_idx=47842288&location=ts&searchword=%EB%8D%B0%EC%9D%B4%ED%84%B0%EB%B6%84%EC%84%9D%EA%B0%80&searchType=search&paid_fl=n&search_uuid=e604aed9-a725-4a69-b25d-25293b4cf475,~ 04/21(일),부산 해운대구,경력2년↑,학력무관,정규직
2024-03-26,[울산] 데이터분석(이미지 및 영상 데이터 분석가 Data Scientist),(주)인터엑스,http://www.saramin.co.kr/zf_user/jobs/relay/view?view_type=search&rec_idx=44865989&location=ts&searchword=%EB%8D%B0%EC%9D%B4%ED%84%B0%EB%B6%84%EC%84%9D%EA%B0%80&searchType=search&paid_fl=n&search_uuid=e604aed9-a725-4a69-b25d-25293b4cf475,상시채용,울산전체,경력 2~5년,학력무관,정규직
2024-03-26,[지냄] 서울 Office에서 데이터 분석가를 모십니다:),(주)지냄,http://www.saramin.co.kr/zf_user/jobs/relay/view?view_type=search&rec_idx=47689911&location=ts&searchword=%EB%8D%B0%EC%9D%B4%ED%84%B0%EB%B6%84%EC%84%9D%EA%B0%80&searchType=search&paid_fl=n&search_uuid=e604aed9-a725-4a69-b25d-25293b4cf475,~ 05/02(목),서울 강남구,경력3년↑,학력무관,정규직
2024-03-26,[헬스케어/데이터분석실/경력] 데이터로 소통하고 싶은 분석가,(주)리팅랩스,http://www.saramin.co.kr/zf_user/jobs/relay/view?view_type=search&rec_idx=47812379&location=ts&searchword=%EB%8D%B0%EC%9D%B4%ED%84%B0%EB%B6%84%EC%84%9D%EA%B0%80&searchType=search&paid_fl=n&search_uuid=e604aed9-a725-4a69-b25d-25293b4cf475,~ 04/10(수),서울 강남구,경력 3~7년,학력무관,정규직
2024-03-26,데이터 분석가,(주)플래티어,http://www.saramin.co.kr/zf_user/jobs/relay/view?view_type=search&rec_idx=47779430&location=ts&searchword=%EB%8D%B0%EC%9D%B4%ED%84%B0%EB%B6%84%EC%84%9D%EA%B0%80&searchType=search&paid_fl=n&search_uuid=e604aed9-a725-4a69-b25d-25293b4cf475,상시채용,서울전체,경력 2~7년,학력무관,정규직
2024-03-26,㈜플래티어 데이터솔루션사업추진단 데이터 분석가 채용,(주)플래티어,http://www.saramin.co.kr/zf_user/jobs/relay/view?view_type=search&rec_idx=47481531&location=ts&searchword=%EB%8D%B0%EC%9D%B4%ED%84%B0%EB%B6%84%EC%84%9D%EA%B0%80&searchType=search&paid_fl=n&search_uuid=e604aed9-a725-4a69-b25d-25293b4cf475,상시채용,서울 송파구,경력 2~7년,대졸↑,정규직
2024-03-26,[중고나라] 제품 데이터 분석가 (10~15년),(주)중고나라,http://www.saramin.co.kr/zf_user/jobs/relay/view?view_type=search&rec_idx=47821794&location=ts&searchword=%EB%8D%B0%EC%9D%B4%ED%84%B0%EB%B6%84%EC%84%9D%EA%B0%80&searchType=search&paid_fl=n&search_uuid=e604aed9-a725-4a69-b25d-25293b4cf475,상시채용,서울 서초구,경력 10~15년,대졸↑,정규직
2024-03-26,그로스 데이터 분석가 (3년 이상),(주)발란,http://www.saramin.co.kr/zf_user/jobs/relay/view?view_type=search&rec_idx=47765092&location=ts&searchword=%EB%8D%B0%EC%9D%B4%ED%84%B0%EB%B6%84%EC%84%9D%EA%B0%80&searchType=search&paid_fl=n&search_uuid=e604aed9-a725-4a69-b25d-25293b4cf475,~ 05/11(토),서울 강남구,경력 3~7년,학력무관,정규직
2024-03-26,[연세의료원] 보건의료데이터분석  관련 과제 참여연구원 모집,연세대학교산학협력단,http://www.saramin.co.kr/zf_user/jobs/relay/view?view_type=search&rec_idx=47839255&location=ts&searchword=%EB%8D%B0%EC%9D%B4%ED%84%B0%EB%B6%84%EC%84%9D%EA%B0%80&searchType=search&paid_fl=n&search_uuid=e604aed9-a725-4a69-b25d-25293b4cf475,~ 05/21(화),서울 서대문구,경력무관,대졸↑,계약직
2024-03-26,서울대학교병원 영상데이터분석/딥러닝 연구원 채용,서울대학교병원,http://www.saramin.co.kr/zf_user/jobs/relay/view?view_type=search&rec_idx=47772972&location=ts&searchword=%EB%8D%B0%EC%9D%B4%ED%84%B0%EB%B6%84%EC%84%9D%EA%B0%80&searchType=search&paid_fl=n&search_uuid=e604aed9-a725-4a69-b25d-25293b4cf475,~ 05/12(일),서울 종로구,경력,대졸↑,계약직
2024-03-26,인공지능 데이터분석 연구원채용,분당서울대학교병원,http://www.saramin.co.kr/zf_user/jobs/relay/view?view_type=search&rec_idx=47639277&location=ts&searchword=%EB%8D%B0%EC%9D%B4%ED%84%B0%EB%B6%84%EC%84%9D%EA%B0%80&searchType=search&paid_fl=n&search_uuid=e604aed9-a725-4a69-b25d-25293b4cf475,채용시,경기 성남시 분당구,경력무관,대졸↑,계약직
2024-03-26,2024년 KT 대졸신입 채용,(주)케이티,http://www.saramin.co.kr/zf_user/jobs/relay/view?view_type=search&rec_idx=47808991&location=ts&searchword=%EB%8D%B0%EC%9D%B4%ED%84%B0%EB%B6%84%EC%84%9D%EA%B0%80&searchType=search&paid_fl=n&search_uuid=e604aed9-a725-4a69-b25d-25293b4cf475,~ 04/01(월),서울 서초구,신입,대졸↑,정규직
2024-03-26,2024년 현대위아 신입/경력사원 채용,현대위아(주),http://www.saramin.co.kr/zf_user/jobs/relay/view?view_type=search&rec_idx=47810353&location=ts&searchword=%EB%8D%B0%EC%9D%B4%ED%84%B0%EB%B6%84%EC%84%9D%EA%B0%80&searchType=search&paid_fl=n&search_uuid=e604aed9-a725-4a69-b25d-25293b4cf475,~ 03/28(목),경기 의왕시,신입·경력,대졸↑,정규직
2024-03-26,2024 샘표식품 직무별 수시 채용,샘표(주),http://www.saramin.co.kr/zf_user/jobs/relay/view?view_type=search&rec_idx=47816918&location=ts&searchword=%EB%8D%B0%EC%9D%B4%ED%84%B0%EB%B6%84%EC%84%9D%EA%B0%80&searchType=search&paid_fl=n&search_uuid=e604aed9-a725-4a69-b25d-25293b4cf475,~ 03/31(일),서울 중구,신입·경력,학력무관,정규직·계약직
2024-03-26,[에듀테크 밀당] 세일즈 영업 담당 대규모 채용,아이헤이트플라잉버그스(주),http://www.saramin.co.kr/zf_user/jobs/relay/view?view_type=search&rec_idx=47695403&location=ts&searchword=%EB%8D%B0%EC%9D%B4%ED%84%B0%EB%B6%84%EC%84%9D%EA%B0%80&searchType=search&paid_fl=n&search_uuid=e604aed9-a725-4a69-b25d-25293b4cf475,~ 04/02(화),서울 영등포구,경력무관,학력무관,정규직
2024-03-26,2024년 경동그룹 신입&경력 사원 모집,경동물류(주),http://www.saramin.co.kr/zf_user/jobs/relay/view?view_type=search&rec_idx=47818664&location=ts&searchword=%EB%8D%B0%EC%9D%B4%ED%84%B0%EB%B6%84%EC%84%9D%EA%B0%80&searchType=search&paid_fl=n&search_uuid=e604aed9-a725-4a69-b25d-25293b4cf475,~ 04/04(목),경기 김포시,신입·경력,학력무관,정규직
2024-03-26,㈜락앤락 각 부문 경력직원 채용,㈜락앤락,http://www.saramin.co.kr/zf_user/jobs/relay/view?view_type=search&rec_idx=47853096&location=ts&searchword=%EB%8D%B0%EC%9D%B4%ED%84%B0%EB%B6%84%EC%84%9D%EA%B0%80&searchType=search&paid_fl=n&search_uuid=e604aed9-a725-4a69-b25d-25293b4cf475,~ 04/28(일),서울 중구,경력,초대졸↑,정규직·계약직
2024-03-26,㈜우진플라임 부문별 인재채용,(주)우진플라임,http://www.saramin.co.kr/zf_user/jobs/relay/view?view_type=search&rec_idx=47683464&location=ts&searchword=%EB%8D%B0%EC%9D%B4%ED%84%B0%EB%B6%84%EC%84%9D%EA%B0%80&searchType=search&paid_fl=n&search_uuid=e604aed9-a725-4a69-b25d-25293b4cf475,~ 03/31(일),충북 보은군,신입·경력,고졸↑,정규직
2024-03-26,2024년 부문별 신입/경력 채용,(주)화승코퍼레이션,http://www.saramin.co.kr/zf_user/jobs/relay/view?view_type=search&rec_idx=47804452&location=ts&searchword=%EB%8D%B0%EC%9D%B4%ED%84%B0%EB%B6%84%EC%84%9D%EA%B0%80&searchType=search&paid_fl=n&search_uuid=e604aed9-a725-4a69-b25d-25293b4cf475,~ 03/31(일),부산 연제구,신입·경력,대졸↑,정규직
2024-03-26,2024년 상반기 어드밴텍케이알㈜ 신입/경력 인재 채용,어드밴텍케이알(주),http://www.saramin.co.kr/zf_user/jobs/relay/view?view_type=search&rec_idx=47782982&location=ts&searchword=%EB%8D%B0%EC%9D%B4%ED%84%B0%EB%B6%84%EC%84%9D%EA%B0%80&searchType=search&paid_fl=n&search_uuid=e604aed9-a725-4a69-b25d-25293b4cf475,~ 03/31(일),서울 강서구,신입·경력,학력무관,정규직
2024-03-26,코오롱글로벌 건축/플랜트/상사부문 정규직 경력사원 공개채용,코오롱글로벌(주),http://www.saramin.co.kr/zf_user/jobs/relay/view?view_type=search&rec_idx=47840214&location=ts&searchword=%EB%8D%B0%EC%9D%B4%ED%84%B0%EB%B6%84%EC%84%9D%EA%B0%80&searchType=search&paid_fl=n&search_uuid=e604aed9-a725-4a69-b25d-25293b4cf475,~ 04/01(월),경기 과천시,경력,대졸↑,정규직
2024-03-26,신입사원 및 전문경력직 별정직 채용공고,한국남부발전(주),http://www.saramin.co.kr/zf_user/jobs/relay/view?view_type=search&rec_idx=47839656&location=ts&searchword=%EB%8D%B0%EC%9D%B4%ED%84%B0%EB%B6%84%EC%84%9D%EA%B0%80&searchType=search&paid_fl=n&search_uuid=e604aed9-a725-4a69-b25d-25293b4cf475,~ 04/08(월),부산 남구,경력무관,학력무관,정규직
2024-03-26,동아출판㈜ 2024년 3월 신입(인턴) 및 경력사원 채용,동아출판(주),http://www.saramin.co.kr/zf_user/jobs/relay/view?view_type=search&rec_idx=47770136&location=ts&searchword=%EB%8D%B0%EC%9D%B4%ED%84%B0%EB%B6%84%EC%84%9D%EA%B0%80&searchType=search&paid_fl=n&search_uuid=e604aed9-a725-4a69-b25d-25293b4cf475,내일마감,서울 영등포구,신입·경력,대졸↑,정규직·계약직
2024-03-26,[서울대병원 1호 스타트업] 각 부문별 신입/경력 인재 모집(수시채용),메디컬아이피(주),http://www.saramin.co.kr/zf_user/jobs/relay/view?view_type=search&rec_idx=47854584&location=ts&searchword=%EB%8D%B0%EC%9D%B4%ED%84%B0%EB%B6%84%EC%84%9D%EA%B0%80&searchType=search&paid_fl=n&search_uuid=e604aed9-a725-4a69-b25d-25293b4cf475,~ 03/31(일),서울 종로구,신입·경력,학력무관,정규직·전문연구요원
2024-03-26,[사세확장] 각 부서별 정규직 채용,(주)인투알,http://www.saramin.co.kr/zf_user/jobs/relay/view?view_type=search&rec_idx=47857017&location=ts&searchword=%EB%8D%B0%EC%9D%B4%ED%84%B0%EB%B6%84%EC%84%9D%EA%B0%80&searchType=search&paid_fl=n&search_uuid=e604aed9-a725-4a69-b25d-25293b4cf475,~ 04/24(수),경기 김포시,경력무관,학력무관,정규직
2024-03-26,2024년 3월 캐논코리아 정기신입사원(채용연계형인턴)모집,캐논코리아 주식회사,http://www.saramin.co.kr/zf_user/jobs/relay/view?view_type=search&rec_idx=47791044&location=ts&searchword=%EB%8D%B0%EC%9D%B4%ED%84%B0%EB%B6%84%EC%84%9D%EA%B0%80&searchType=search&paid_fl=n&search_uuid=e604aed9-a725-4a69-b25d-25293b4cf475,~ 03/31(일),서울 강남구,신입,대졸↑,인턴직
2024-03-26,2024년 3월 국내 및 해외 전부문 수시 채용,(주)엔켐,http://www.saramin.co.kr/zf_user/jobs/relay/view?view_type=search&rec_idx=47674163&location=ts&searchword=%EB%8D%B0%EC%9D%B4%ED%84%B0%EB%B6%84%EC%84%9D%EA%B0%80&searchType=search&paid_fl=n&search_uuid=e604aed9-a725-4a69-b25d-25293b4cf475,~ 03/31(일),충남 천안시 동남구,신입·경력,대졸↑,정규직
2024-03-26,2024년 상신브레이크 및 계열사 수시채용,상신브레이크(주),http://www.saramin.co.kr/zf_user/jobs/relay/view?view_type=search&rec_idx=47851102&location=ts&searchword=%EB%8D%B0%EC%9D%B4%ED%84%B0%EB%B6%84%EC%84%9D%EA%B0%80&searchType=search&paid_fl=n&search_uuid=e604aed9-a725-4a69-b25d-25293b4cf475,~ 04/14(일),대구 달성군,신입·경력,대졸↑,정규직
2024-03-26,KBI동국실업 신입/경력사원 모집,케이비아이동국실업(주),http://www.saramin.co.kr/zf_user/jobs/relay/view?view_type=search&rec_idx=47800313&location=ts&searchword=%EB%8D%B0%EC%9D%B4%ED%84%B0%EB%B6%84%EC%84%9D%EA%B0%80&searchType=search&paid_fl=n&search_uuid=e604aed9-a725-4a69-b25d-25293b4cf475,~ 03/31(일),충남 아산시,신입·경력,학력무관,정규직·계약직
2024-03-26,2024년 상반기 CJ그룹 신입사원 채용,CJ(주),http://www.saramin.co.kr/zf_user/jobs/relay/view?view_type=search&rec_idx=47740369&location=ts&searchword=%EB%8D%B0%EC%9D%B4%ED%84%B0%EB%B6%84%EC%84%9D%EA%B0%80&searchType=search&paid_fl=n&search_uuid=e604aed9-a725-4a69-b25d-25293b4cf475,~ 04/01(월),서울 중구,신입,대졸↑,정규직
2024-03-26,[대기업] S&I Corp. '24년 상반기 신입사원 공개 채용,(주)에스앤아이코퍼레이션,http://www.saramin.co.kr/zf_user/jobs/relay/view?view_type=search&rec_idx=47780653&location=ts&searchword=%EB%8D%B0%EC%9D%B4%ED%84%B0%EB%B6%84%EC%84%9D%EA%B0%80&searchType=search&paid_fl=n&search_uuid=e604aed9-a725-4a69-b25d-25293b4cf475,~ 03/31(일),서울전체,신입,초대졸↑,정규직
2024-03-26,신일제약㈜ 2024년 상반기 수시채용,신일제약(주),http://www.saramin.co.kr/zf_user/jobs/relay/view?view_type=search&rec_idx=47814028&location=ts&searchword=%EB%8D%B0%EC%9D%B4%ED%84%B0%EB%B6%84%EC%84%9D%EA%B0%80&searchType=search&paid_fl=n&search_uuid=e604aed9-a725-4a69-b25d-25293b4cf475,오늘마감,서울 동대문구,신입·경력,학력무관,정규직
2024-03-26,2024년 KT 신입 석사 채용,(주)케이티,http://www.saramin.co.kr/zf_user/jobs/relay/view?view_type=search&rec_idx=47814307&location=ts&searchword=%EB%8D%B0%EC%9D%B4%ED%84%B0%EB%B6%84%EC%84%9D%EA%B0%80&searchType=search&paid_fl=n&search_uuid=e604aed9-a725-4a69-b25d-25293b4cf475,~ 04/01(월),서울 서초구,신입,석사↑,정규직
2024-03-26,2024년 상반기 영어/수학 교육 분야 채용,아이헤이트플라잉버그스(주),http://www.saramin.co.kr/zf_user/jobs/relay/view?view_type=search&rec_idx=47786758&location=ts&searchword=%EB%8D%B0%EC%9D%B4%ED%84%B0%EB%B6%84%EC%84%9D%EA%B0%80&searchType=search&paid_fl=n&search_uuid=e604aed9-a725-4a69-b25d-25293b4cf475,~ 04/13(토),서울 영등포구,경력무관,학력무관,정규직
2024-03-26,태광그룹 ㈜티시스아이티 2024 IT 기술리더 영입,주식회사 티시스 아이티,http://www.saramin.co.kr/zf_user/jobs/relay/view?view_type=search&rec_idx=47404895&location=ts&searchword=%EB%8D%B0%EC%9D%B4%ED%84%B0%EB%B6%84%EC%84%9D%EA%B0%80&searchType=search&paid_fl=n&search_uuid=e604aed9-a725-4a69-b25d-25293b4cf475,~ 04/20(토),서울 중구,경력,초대졸↑,정규직
2024-03-26,[연봉 최고 대우] 2024 스타닥 상반기 공개채용,스타닥,http://www.saramin.co.kr/zf_user/jobs/relay/view?view_type=search&rec_idx=47701287&location=ts&searchword=%EB%8D%B0%EC%9D%B4%ED%84%B0%EB%B6%84%EC%84%9D%EA%B0%80&searchType=search&paid_fl=n&search_uuid=e604aed9-a725-4a69-b25d-25293b4cf475,~ 04/30(화),서울 강남구,신입·경력,학력무관,정규직
2024-03-26,24년도 각 부문별 경력직원 및 박사급 연구인력 채용,한국은행,http://www.saramin.co.kr/zf_user/jobs/relay/view?view_type=search&rec_idx=47790695&location=ts&searchword=%EB%8D%B0%EC%9D%B4%ED%84%B0%EB%B6%84%EC%84%9D%EA%B0%80&searchType=search&paid_fl=n&search_uuid=e604aed9-a725-4a69-b25d-25293b4cf475,~ 03/29(금),서울전체,신입·경력,학력무관,정규직·계약직
2024-03-26,엠케이에스코리아(유)|아토텍코리아㈜ 2024년 각 부문 경력/신입 채용,엠케이에스코리아(유),http://www.saramin.co.kr/zf_user/jobs/relay/view?view_type=search&rec_idx=47805991&location=ts&searchword=%EB%8D%B0%EC%9D%B4%ED%84%B0%EB%B6%84%EC%84%9D%EA%B0%80&searchType=search&paid_fl=n&search_uuid=e604aed9-a725-4a69-b25d-25293b4cf475,~ 04/14(일),대전 유성구,신입·경력,고졸↑,정규직·계약직
2024-03-26,차량SW · ICT · 경영지원 부문 채용,현대오토에버(주),http://www.saramin.co.kr/zf_user/jobs/relay/view?view_type=search&rec_idx=47669139&location=ts&searchword=%EB%8D%B0%EC%9D%B4%ED%84%B0%EB%B6%84%EC%84%9D%EA%B0%80&searchType=search&paid_fl=n&search_uuid=e604aed9-a725-4a69-b25d-25293b4cf475,상시채용,서울 강남구,경력,학력무관,정규직·계약직
2024-03-26,2024년 상반기 경력/인턴직 공개채용,(주)이동의즐거움,http://www.saramin.co.kr/zf_user/jobs/relay/view?view_type=search&rec_idx=47840219&location=ts&searchword=%EB%8D%B0%EC%9D%B4%ED%84%B0%EB%B6%84%EC%84%9D%EA%B0%80&searchType=search&paid_fl=n&search_uuid=e604aed9-a725-4a69-b25d-25293b4cf475,~ 04/02(화),서울 중구,경력,대졸↑,정규직·인턴직
2024-03-26,도미노피자 각 부문(자회사 포함) 공개 채용,청오디피케이(주),http://www.saramin.co.kr/zf_user/jobs/relay/view?view_type=search&rec_idx=47660221&location=ts&searchword=%EB%8D%B0%EC%9D%B4%ED%84%B0%EB%B6%84%EC%84%9D%EA%B0%80&searchType=search&paid_fl=n&search_uuid=e604aed9-a725-4a69-b25d-25293b4cf475,~ 04/02(화),서울 강남구,경력,대졸↑,정규직·계약직
2024-03-26,[시냅스 이미징] 24년도 상반기 신입 / 경력 채용,시냅스이미징(주),http://www.saramin.co.kr/zf_user/jobs/relay/view?view_type=search&rec_idx=47614057&location=ts&searchword=%EB%8D%B0%EC%9D%B4%ED%84%B0%EB%B6%84%EC%84%9D%EA%B0%80&searchType=search&paid_fl=n&search_uuid=e604aed9-a725-4a69-b25d-25293b4cf475,~ 03/31(일),경기 군포시,경력무관,학력무관,정규직
2024-03-26,24년 상반기 신입·경력사원 모집,에이치비솔루션(주),http://www.saramin.co.kr/zf_user/jobs/relay/view?view_type=search&rec_idx=47651080&location=ts&searchword=%EB%8D%B0%EC%9D%B4%ED%84%B0%EB%B6%84%EC%84%9D%EA%B0%80&searchType=search&paid_fl=n&search_uuid=e604aed9-a725-4a69-b25d-25293b4cf475,~ 03/31(일),충남 아산시,신입·경력,고졸↑,정규직
2024-03-26,2024년 KINX 공개채용,(주)케이아이엔엑스,http://www.saramin.co.kr/zf_user/jobs/relay/view?view_type=search&rec_idx=47787912&location=ts&searchword=%EB%8D%B0%EC%9D%B4%ED%84%B0%EB%B6%84%EC%84%9D%EA%B0%80&searchType=search&paid_fl=n&search_uuid=e604aed9-a725-4a69-b25d-25293b4cf475,~ 04/01(월),서울 강남구,신입·경력,대졸↑,정규직
2024-03-26,㈜푸드테크 상반기 신입/경력 전부문 채용,(주)푸드테크,http://www.saramin.co.kr/zf_user/jobs/relay/view?view_type=search&rec_idx=47277543&location=ts&searchword=%EB%8D%B0%EC%9D%B4%ED%84%B0%EB%B6%84%EC%84%9D%EA%B0%80&searchType=search&paid_fl=n&search_uuid=e604aed9-a725-4a69-b25d-25293b4cf475,~ 03/31(일),서울 강남구,신입·경력,초대졸↑,정규직
2024-03-26,부문별 신입/경력 공개채용,(주)비보존제약,http://www.saramin.co.kr/zf_user/jobs/relay/view?view_type=search&rec_idx=47792831&location=ts&searchword=%EB%8D%B0%EC%9D%B4%ED%84%B0%EB%B6%84%EC%84%9D%EA%B0%80&searchType=search&paid_fl=n&search_uuid=e604aed9-a725-4a69-b25d-25293b4cf475,~ 05/17(금),경기 화성시,신입·경력,고졸↑,정규직·계약직
2024-03-26,[뉴미디어회사 알마로꼬] 각 부문 정규직 채용,(주)알마로꼬,http://www.saramin.co.kr/zf_user/jobs/relay/view?view_type=search&rec_idx=47850766&location=ts&searchword=%EB%8D%B0%EC%9D%B4%ED%84%B0%EB%B6%84%EC%84%9D%EA%B0%80&searchType=search&paid_fl=n&search_uuid=e604aed9-a725-4a69-b25d-25293b4cf475,~ 04/23(화),경기 하남시,신입·경력,학력무관,정규직
2024-03-26,헥토이노베이션 직군별 인재 모집,(주)헥토이노베이션,http://www.saramin.co.kr/zf_user/jobs/relay/view?view_type=search&rec_idx=47792644&location=ts&searchword=%EB%8D%B0%EC%9D%B4%ED%84%B0%EB%B6%84%EC%84%9D%EA%B0%80&searchType=search&paid_fl=n&search_uuid=e604aed9-a725-4a69-b25d-25293b4cf475,~ 03/31(일),서울 강남구,신입·경력,초대졸↑,정규직
2024-03-26,2024년 코오롱그룹 3월 정기공채,(주)코오롱,http://www.saramin.co.kr/zf_user/jobs/relay/view?view_type=search&rec_idx=47789066&location=ts&searchword=%EB%8D%B0%EC%9D%B4%ED%84%B0%EB%B6%84%EC%84%9D%EA%B0%80&searchType=search&paid_fl=n&search_uuid=e604aed9-a725-4a69-b25d-25293b4cf475,~ 04/01(월),경기 과천시,경력,학력무관,정규직
2024-03-26,[예비 유니콘] 골프 IT 플랫폼 스마트스코어 신입/경력 수시채용,(주)스마트스코어,http://www.saramin.co.kr/zf_user/jobs/relay/view?view_type=search&rec_idx=47273143&location=ts&searchword=%EB%8D%B0%EC%9D%B4%ED%84%B0%EB%B6%84%EC%84%9D%EA%B0%80&searchType=search&paid_fl=n&search_uuid=e604aed9-a725-4a69-b25d-25293b4cf475,~ 04/30(화),서울 강남구,신입·경력,고졸↑,정규직
2024-03-26,현대자동차그룹 (주)지아이티 부문별 경력 채용,(주)지아이티,http://www.saramin.co.kr/zf_user/jobs/relay/view?view_type=search&rec_idx=47806731&location=ts&searchword=%EB%8D%B0%EC%9D%B4%ED%84%B0%EB%B6%84%EC%84%9D%EA%B0%80&searchType=search&paid_fl=n&search_uuid=e604aed9-a725-4a69-b25d-25293b4cf475,~ 04/07(일),서울 송파구,경력,대졸↑,인턴직
2024-03-26,[롯데멤버스] 2024년 3월 일반 장애인 전형 신입/경력사원 모집,롯데멤버스(주),http://www.saramin.co.kr/zf_user/jobs/relay/view?view_type=search&rec_idx=47755435&location=ts&searchword=%EB%8D%B0%EC%9D%B4%ED%84%B0%EB%B6%84%EC%84%9D%EA%B0%80&searchType=search&paid_fl=n&search_uuid=e604aed9-a725-4a69-b25d-25293b4cf475,내일마감,서울 중구,신입·경력,학력무관,정규직
2024-03-26,[CJ그룹 계열사] 2024년 상반기 경력사원 공개채용,디아이웨어(주),http://www.saramin.co.kr/zf_user/jobs/relay/view?view_type=search&rec_idx=47789693&location=ts&searchword=%EB%8D%B0%EC%9D%B4%ED%84%B0%EB%B6%84%EC%84%9D%EA%B0%80&searchType=search&paid_fl=n&search_uuid=e604aed9-a725-4a69-b25d-25293b4cf475,~ 04/07(일),서울 용산구,신입·경력,학력무관,정규직
2024-03-26,2배씩 성장 업계 최대 대우(PD/작가/AE/디자이너/경영지원),(주)트루빈스,http://www.saramin.co.kr/zf_user/jobs/relay/view?view_type=search&rec_idx=47699167&location=ts&searchword=%EB%8D%B0%EC%9D%B4%ED%84%B0%EB%B6%84%EC%84%9D%EA%B0%80&searchType=search&paid_fl=n&search_uuid=e604aed9-a725-4a69-b25d-25293b4cf475,~ 04/02(화),서울 강남구,경력무관,학력무관,정규직
2024-03-26,상반기 소프트웨어 개발자 및 각 본부 신입/경력 채용,(주)휴니버스글로벌,http://www.saramin.co.kr/zf_user/jobs/relay/view?view_type=search&rec_idx=47756295&location=ts&searchword=%EB%8D%B0%EC%9D%B4%ED%84%B0%EB%B6%84%EC%84%9D%EA%B0%80&searchType=search&paid_fl=n&search_uuid=e604aed9-a725-4a69-b25d-25293b4cf475,~ 03/31(일),서울 동대문구,신입·경력,초대졸↑,정규직
2024-03-26,입찰분석연구원 외 각 부문별 신입 및 경력사원 모집,(주)세종분석연구원,http://www.saramin.co.kr/zf_user/jobs/relay/view?view_type=search&rec_idx=46521833&location=ts&searchword=%EB%8D%B0%EC%9D%B4%ED%84%B0%EB%B6%84%EC%84%9D%EA%B0%80&searchType=search&paid_fl=n&search_uuid=e604aed9-a725-4a69-b25d-25293b4cf475,~ 04/04(목),서울 마포구,신입·경력,학력무관,정규직
2024-03-26,(주)리만코리아 경력 및 신입 채용 (서울/대구),주식회사 리만코리아,http://www.saramin.co.kr/zf_user/jobs/relay/view?view_type=search&rec_idx=47861010&location=ts&searchword=%EB%8D%B0%EC%9D%B4%ED%84%B0%EB%B6%84%EC%84%9D%EA%B0%80&searchType=search&paid_fl=n&search_uuid=e604aed9-a725-4a69-b25d-25293b4cf475,~ 05/06(월),서울 강남구,경력,학력무관,정규직·계약직
2024-03-26,2024년 KOGAS서비스얼라이언스(주) 운영/시설/전산직군 경력/신입직 채용공고문,코가스서비스얼라이언스(주),http://www.saramin.co.kr/zf_user/jobs/relay/view?view_type=search&rec_idx=47783405&location=ts&searchword=%EB%8D%B0%EC%9D%B4%ED%84%B0%EB%B6%84%EC%84%9D%EA%B0%80&searchType=search&paid_fl=n&search_uuid=e604aed9-a725-4a69-b25d-25293b4cf475,~ 03/28(목),대구 동구,신입·경력,학력무관,정규직
2024-03-26,2024년 상반기 각 부문 신입/경력사원 채용,한국메티슨특수가스(주),http://www.saramin.co.kr/zf_user/jobs/relay/view?view_type=search&rec_idx=47839002&location=ts&searchword=%EB%8D%B0%EC%9D%B4%ED%84%B0%EB%B6%84%EC%84%9D%EA%B0%80&searchType=search&paid_fl=n&search_uuid=e604aed9-a725-4a69-b25d-25293b4cf475,~ 04/12(금),충남 아산시,신입·경력,대졸↑,정규직
2024-03-26,(주)시아스 신입 및 경력사원 모집,(주)시아스,http://www.saramin.co.kr/zf_user/jobs/relay/view?view_type=search&rec_idx=47788937&location=ts&searchword=%EB%8D%B0%EC%9D%B4%ED%84%B0%EB%B6%84%EC%84%9D%EA%B0%80&searchType=search&paid_fl=n&search_uuid=e604aed9-a725-4a69-b25d-25293b4cf475,~ 03/31(일),서울 송파구,신입·경력,고졸↑,정규직
2024-03-26,SG생활안전 각 부문별 경력직 채용,에스지생활안전(주),http://www.saramin.co.kr/zf_user/jobs/relay/view?view_type=search&rec_idx=47785553&location=ts&searchword=%EB%8D%B0%EC%9D%B4%ED%84%B0%EB%B6%84%EC%84%9D%EA%B0%80&searchType=search&paid_fl=n&search_uuid=e604aed9-a725-4a69-b25d-25293b4cf475,~ 03/31(일),경기 평택시,신입·경력,학력무관,정규직
2024-03-26,2024년 각 부문 신입/경력사원 채용,파크시스템스(주),http://www.saramin.co.kr/zf_user/jobs/relay/view?view_type=search&rec_idx=47655299&location=ts&searchword=%EB%8D%B0%EC%9D%B4%ED%84%B0%EB%B6%84%EC%84%9D%EA%B0%80&searchType=search&paid_fl=n&search_uuid=e604aed9-a725-4a69-b25d-25293b4cf475,내일마감,경기 수원시 영통구,신입·경력,학력무관,정규직
2024-03-26,쎄트렉아이 경력직 채용(SW/HW/관리직),(주)쎄트렉아이,http://www.saramin.co.kr/zf_user/jobs/relay/view?view_type=search&rec_idx=47791920&location=ts&searchword=%EB%8D%B0%EC%9D%B4%ED%84%B0%EB%B6%84%EC%84%9D%EA%B0%80&searchType=search&paid_fl=n&search_uuid=e604aed9-a725-4a69-b25d-25293b4cf475,~ 03/28(목),대전 유성구,경력,대졸↑,정규직
2024-03-26,KPX케미칼(주) KPX헌츠만폴리우레탄오토모티브(주) 2024년 각 부문별 채용공고,KPX케미칼(주),http://www.saramin.co.kr/zf_user/jobs/relay/view?view_type=search&rec_idx=47823798&location=ts&searchword=%EB%8D%B0%EC%9D%B4%ED%84%B0%EB%B6%84%EC%84%9D%EA%B0%80&searchType=search&paid_fl=n&search_uuid=e604aed9-a725-4a69-b25d-25293b4cf475,~ 04/05(금),서울 마포구,신입·경력,대졸↑,정규직
2024-03-26,㈜뉴겐코스메틱 시세확장으로 인한 부서별 인재 충원,(주)뉴겐코스메틱,http://www.saramin.co.kr/zf_user/jobs/relay/view?view_type=search&rec_idx=47813287&location=ts&searchword=%EB%8D%B0%EC%9D%B4%ED%84%B0%EB%B6%84%EC%84%9D%EA%B0%80&searchType=search&paid_fl=n&search_uuid=e604aed9-a725-4a69-b25d-25293b4cf475,~ 04/30(화),인천 남동구,신입·경력,학력무관,정규직
2024-03-26,[차병원] 병원행정 전문가 임원/경력 공채,차병원·바이오그룹,http://www.saramin.co.kr/zf_user/jobs/relay/view?view_type=search&rec_idx=47781845&location=ts&searchword=%EB%8D%B0%EC%9D%B4%ED%84%B0%EB%B6%84%EC%84%9D%EA%B0%80&searchType=search&paid_fl=n&search_uuid=e604aed9-a725-4a69-b25d-25293b4cf475,내일마감,서울 강남구,경력,대졸↑,정규직·계약직
2024-03-26,각 부문 신입/경력 채용,(주)엑소코바이오,http://www.saramin.co.kr/zf_user/jobs/relay/view?view_type=search&rec_idx=47684371&location=ts&searchword=%EB%8D%B0%EC%9D%B4%ED%84%B0%EB%B6%84%EC%84%9D%EA%B0%80&searchType=search&paid_fl=n&search_uuid=e604aed9-a725-4a69-b25d-25293b4cf475,~ 03/31(일),서울 금천구,신입·경력,학력무관,정규직·계약직
2024-03-26,2024년 상반기 신입/경력/전문연구요원 채용,(주)이노스페이스,http://www.saramin.co.kr/zf_user/jobs/relay/view?view_type=search&rec_idx=47774819&location=ts&searchword=%EB%8D%B0%EC%9D%B4%ED%84%B0%EB%B6%84%EC%84%9D%EA%B0%80&searchType=search&paid_fl=n&search_uuid=e604aed9-a725-4a69-b25d-25293b4cf475,~ 03/31(일),세종특별자치시,신입·경력,학력무관,정규직·전문연구요원
2024-03-26,해커스 교육그룹 연구/기획 채용,해커스교육그룹,http://www.saramin.co.kr/zf_user/jobs/relay/view?view_type=search&rec_idx=47729133&location=ts&searchword=%EB%8D%B0%EC%9D%B4%ED%84%B0%EB%B6%84%EC%84%9D%EA%B0%80&searchType=search&paid_fl=n&search_uuid=e604aed9-a725-4a69-b25d-25293b4cf475,내일마감,서울 서초구,신입·경력,대졸↑,정규직
2024-03-26,부문별 신입/경력 채용(경영 설비 품질 구매 연구 外),(주)씨티알,http://www.saramin.co.kr/zf_user/jobs/relay/view?view_type=search&rec_idx=47678317&location=ts&searchword=%EB%8D%B0%EC%9D%B4%ED%84%B0%EB%B6%84%EC%84%9D%EA%B0%80&searchType=search&paid_fl=n&search_uuid=e604aed9-a725-4a69-b25d-25293b4cf475,~ 03/29(금),경남 창원시,경력무관,학력무관,정규직
2024-03-26,[중견코스닥상장사] 에스와이그룹 경영 전략팀 기업부설 연구소 경력/신입 채용,에스와이(주),http://www.saramin.co.kr/zf_user/jobs/relay/view?view_type=search&rec_idx=47856313&location=ts&searchword=%EB%8D%B0%EC%9D%B4%ED%84%B0%EB%B6%84%EC%84%9D%EA%B0%80&searchType=search&paid_fl=n&search_uuid=e604aed9-a725-4a69-b25d-25293b4cf475,~ 04/25(목),경기 수원시 권선구,신입·경력,대졸↑,정규직
2024-03-26,더존비즈온 재무회계 직군 채용,(주)더존비즈온,http://www.saramin.co.kr/zf_user/jobs/relay/view?view_type=search&rec_idx=47856329&location=ts&searchword=%EB%8D%B0%EC%9D%B4%ED%84%B0%EB%B6%84%EC%84%9D%EA%B0%80&searchType=search&paid_fl=n&search_uuid=e604aed9-a725-4a69-b25d-25293b4cf475,~ 04/08(월),서울 중구,경력,학력무관,정규직
2024-03-26,신약개발 연구원 채용,(주)셀티움,http://www.saramin.co.kr/zf_user/jobs/relay/view?view_type=search&rec_idx=47776257&location=ts&searchword=%EB%8D%B0%EC%9D%B4%ED%84%B0%EB%B6%84%EC%84%9D%EA%B0%80&searchType=search&paid_fl=n&search_uuid=e604aed9-a725-4a69-b25d-25293b4cf475,채용시,경기 수원시 영통구,경력무관,석사↑,정규직
2024-03-26,[kt ds] 2024년 각 부문별 경력사원 상시채용,(주)케이티디에스,http://www.saramin.co.kr/zf_user/jobs/relay/view?view_type=search&rec_idx=47740524&location=ts&searchword=%EB%8D%B0%EC%9D%B4%ED%84%B0%EB%B6%84%EC%84%9D%EA%B0%80&searchType=search&paid_fl=n&search_uuid=e604aed9-a725-4a69-b25d-25293b4cf475,~ 12/31(화),서울 서초구,경력2년↑,학력무관,정규직·계약직
2024-03-26,2024년 상반기 각 부문 신입/경력 상시 채용,(주)코난테크놀로지,http://www.saramin.co.kr/zf_user/jobs/relay/view?view_type=search&rec_idx=47370206&location=ts&searchword=%EB%8D%B0%EC%9D%B4%ED%84%B0%EB%B6%84%EC%84%9D%EA%B0%80&searchType=search&paid_fl=n&search_uuid=e604aed9-a725-4a69-b25d-25293b4cf475,~ 07/31(수),서울 서초구,신입·경력,대졸↑,정규직
2024-03-26,ATON 각 부문 수시채용,(주)아톤,http://www.saramin.co.kr/zf_user/jobs/relay/view?view_type=search&rec_idx=47831114&location=ts&searchword=%EB%8D%B0%EC%9D%B4%ED%84%B0%EB%B6%84%EC%84%9D%EA%B0%80&searchType=search&paid_fl=n&search_uuid=e604aed9-a725-4a69-b25d-25293b4cf475,~ 04/21(일),서울 영등포구,경력5년↑,학력무관,정규직
2024-03-26,[에듀테크 스타트업 오누이] 분야별 채용,(주)오누이,http://www.saramin.co.kr/zf_user/jobs/relay/view?view_type=search&rec_idx=47680818&location=ts&searchword=%EB%8D%B0%EC%9D%B4%ED%84%B0%EB%B6%84%EC%84%9D%EA%B0%80&searchType=search&paid_fl=n&search_uuid=e604aed9-a725-4a69-b25d-25293b4cf475,~ 03/31(일),서울 마포구,신입·경력,초대졸↑,정규직·계약직
2024-03-26,[네이버] LINE Ads - Machine Learning Product Manager,라인플러스(주),http://www.saramin.co.kr/zf_user/jobs/relay/view?view_type=search&rec_idx=47850858&location=ts&searchword=%EB%8D%B0%EC%9D%B4%ED%84%B0%EB%B6%84%EC%84%9D%EA%B0%80&searchType=search&paid_fl=n&search_uuid=e604aed9-a725-4a69-b25d-25293b4cf475,~ 03/31(일),경기 성남시 분당구,신입·경력,학력무관,정규직
2024-03-26,에이엠텔레콤㈜ 신입/경력 채용 모집,에이엠(주),http://www.saramin.co.kr/zf_user/jobs/relay/view?view_type=search&rec_idx=47782114&location=ts&searchword=%EB%8D%B0%EC%9D%B4%ED%84%B0%EB%B6%84%EC%84%9D%EA%B0%80&searchType=search&paid_fl=n&search_uuid=31f6405a-46a2-4447-8bda-91d4c60e2abf,~ 04/10(수),경기 과천시,신입·경력,고졸↑,정규직
2024-03-26,WESTWOOD 각 부문별 경력사원 모집,젯아이씨(주),http://www.saramin.co.kr/zf_user/jobs/relay/view?view_type=search&rec_idx=47762704&location=ts&searchword=%EB%8D%B0%EC%9D%B4%ED%84%B0%EB%B6%84%EC%84%9D%EA%B0%80&searchType=search&paid_fl=n&search_uuid=31f6405a-46a2-4447-8bda-91d4c60e2abf,~ 03/31(일),서울 성동구,경력3년↑,초대졸↑,정규직
2024-03-26,[앤씨앤/넥스트칩] 2024년 3월 연구소 영업마케팅 각 부문 모집,(주)앤씨앤,http://www.saramin.co.kr/zf_user/jobs/relay/view?view_type=search&rec_idx=47680005&location=ts&searchword=%EB%8D%B0%EC%9D%B4%ED%84%B0%EB%B6%84%EC%84%9D%EA%B0%80&searchType=search&paid_fl=n&search_uuid=31f6405a-46a2-4447-8bda-91d4c60e2abf,~ 03/31(일),경기 성남시 분당구,신입·경력,학력무관,정규직
2024-03-26,(주)리파인 각 부문별 신입/경력 채용공고,(주)리파인,http://www.saramin.co.kr/zf_user/jobs/relay/view?view_type=search&rec_idx=47763052&location=ts&searchword=%EB%8D%B0%EC%9D%B4%ED%84%B0%EB%B6%84%EC%84%9D%EA%B0%80&searchType=search&paid_fl=n&search_uuid=31f6405a-46a2-4447-8bda-91d4c60e2abf,~ 03/31(일),서울 강남구,신입·경력,초대졸↑,정규직
2024-03-26,2024년 상반기 각 분야별 경력사원 모집,(주)두원전자통신,http://www.saramin.co.kr/zf_user/jobs/relay/view?view_type=search&rec_idx=47825886&location=ts&searchword=%EB%8D%B0%EC%9D%B4%ED%84%B0%EB%B6%84%EC%84%9D%EA%B0%80&searchType=search&paid_fl=n&search_uuid=31f6405a-46a2-4447-8bda-91d4c60e2abf,~ 04/24(수),경기 부천시,경력,학력무관,정규직
2024-03-26,한국정보통신진흥협회 2024년 상반기 신규인력 채용,(사)한국정보통신진흥협회,http://www.saramin.co.kr/zf_user/jobs/relay/view?view_type=search&rec_idx=47792828&location=ts&searchword=%EB%8D%B0%EC%9D%B4%ED%84%B0%EB%B6%84%EC%84%9D%EA%B0%80&searchType=search&paid_fl=n&search_uuid=31f6405a-46a2-4447-8bda-91d4c60e2abf,~ 04/01(월),서울전체,신입·경력,학력무관,계약직
2024-03-26,[LG그룹] JAVA/DW 경력직 채용,(주)비즈테크아이,http://www.saramin.co.kr/zf_user/jobs/relay/view?view_type=search&rec_idx=47470827&location=ts&searchword=%EB%8D%B0%EC%9D%B4%ED%84%B0%EB%B6%84%EC%84%9D%EA%B0%80&searchType=search&paid_fl=n&search_uuid=31f6405a-46a2-4447-8bda-91d4c60e2abf,~ 03/29(금),서울전체,경력,대졸↑,정규직
2024-03-26,[LG전자계열사/마곡] 데이터 관리 사무직원 채용,(주)서울커뮤니케이션,http://www.saramin.co.kr/zf_user/jobs/relay/view?view_type=search&rec_idx=47856619&location=ts&searchword=%EB%8D%B0%EC%9D%B4%ED%84%B0%EB%B6%84%EC%84%9D%EA%B0%80&searchType=search&paid_fl=n&search_uuid=31f6405a-46a2-4447-8bda-91d4c60e2abf,~ 04/08(월),서울 강서구,경력무관,초대졸↑,계약직·파견직
2024-03-26,[마곡/월270이상] LG계열사 AICC추진팀 데이터 관리 사무 채용,(주)서울커뮤니케이션,http://www.saramin.co.kr/zf_user/jobs/relay/view?view_type=search&rec_idx=47805503&location=ts&searchword=%EB%8D%B0%EC%9D%B4%ED%84%B0%EB%B6%84%EC%84%9D%EA%B0%80&searchType=search&paid_fl=n&search_uuid=31f6405a-46a2-4447-8bda-91d4c60e2abf,~ 04/08(월),서울 강서구,경력무관,초대졸↑,파견직
2024-03-26,우진산전 전기버스 충전기사업팀 인원 모집 (2개 분야),(주)우진산전,http://www.saramin.co.kr/zf_user/jobs/relay/view?view_type=search&rec_idx=47757612&location=ts&searchword=%EB%8D%B0%EC%9D%B4%ED%84%B0%EB%B6%84%EC%84%9D%EA%B0%80&searchType=search&paid_fl=n&search_uuid=31f6405a-46a2-4447-8bda-91d4c60e2abf,~ 04/11(목),서울 강남구,경력무관,초대졸↑,정규직
2024-03-26,[Manpower] IT 전 직종 인력모집 공고문,(주)맨파워그룹코리아,http://www.saramin.co.kr/zf_user/jobs/relay/view?view_type=search&rec_idx=47846109&location=ts&searchword=%EB%8D%B0%EC%9D%B4%ED%84%B0%EB%B6%84%EC%84%9D%EA%B0%80&searchType=search&paid_fl=n&search_uuid=31f6405a-46a2-4447-8bda-91d4c60e2abf,~ 04/22(월),서울 강남구,경력무관,대졸↑,기간제·계약직
2024-03-26,[코리아리서치] 2024년 상반기 신입 및 경력 사원 모집,(주)코리아리서치인터내셔널,http://www.saramin.co.kr/zf_user/jobs/relay/view?view_type=search&rec_idx=47766415&location=ts&searchword=%EB%8D%B0%EC%9D%B4%ED%84%B0%EB%B6%84%EC%84%9D%EA%B0%80&searchType=search&paid_fl=n&search_uuid=31f6405a-46a2-4447-8bda-91d4c60e2abf,~ 03/31(일),서울 서초구,경력무관,고졸↑,정규직
2024-03-26,물류 데이터 담당자 (주간),(주)컬리,http://www.saramin.co.kr/zf_user/jobs/relay/view?view_type=search&rec_idx=47792343&location=ts&searchword=%EB%8D%B0%EC%9D%B4%ED%84%B0%EB%B6%84%EC%84%9D%EA%B0%80&searchType=search&paid_fl=n&search_uuid=31f6405a-46a2-4447-8bda-91d4c60e2abf,~ 04/14(일),경기 평택시,신입·경력,학력무관,정규직
2024-03-26,[HDC랩스/본사] 2024년 AI엔지니어 부분 신입사원 공개채용,에이치디씨랩스(주),http://www.saramin.co.kr/zf_user/jobs/relay/view?view_type=search&rec_idx=47684075&location=ts&searchword=%EB%8D%B0%EC%9D%B4%ED%84%B0%EB%B6%84%EC%84%9D%EA%B0%80&searchType=search&paid_fl=n&search_uuid=31f6405a-46a2-4447-8bda-91d4c60e2abf,내일마감,서울 서초구,신입,대졸↑,정규직
2024-03-26,[클라우드네트웍스] 빅데이터 솔루션 엔지니어 모집 (신입),(주)클라우드네트웍스,http://www.saramin.co.kr/zf_user/jobs/relay/view?view_type=search&rec_idx=47705905&location=ts&searchword=%EB%8D%B0%EC%9D%B4%ED%84%B0%EB%B6%84%EC%84%9D%EA%B0%80&searchType=search&paid_fl=n&search_uuid=31f6405a-46a2-4447-8bda-91d4c60e2abf,~ 04/20(토),서울 강남구,신입,학력무관,정규직
2024-03-26,코아스템켐온(주) 비임상연구소 정규직 채용,코아스템켐온(주),http://www.saramin.co.kr/zf_user/jobs/relay/view?view_type=search&rec_idx=47821081&location=ts&searchword=%EB%8D%B0%EC%9D%B4%ED%84%B0%EB%B6%84%EC%84%9D%EA%B0%80&searchType=search&paid_fl=n&search_uuid=31f6405a-46a2-4447-8bda-91d4c60e2abf,~ 04/07(일),경기 용인시 처인구,경력무관,대졸↑,정규직
2024-03-26,[웨이즈원(주)] AI SW 개발자 모집,웨이즈원(주),http://www.saramin.co.kr/zf_user/jobs/relay/view?view_type=search&rec_idx=47517236&location=ts&searchword=%EB%8D%B0%EC%9D%B4%ED%84%B0%EB%B6%84%EC%84%9D%EA%B0%80&searchType=search&paid_fl=n&search_uuid=31f6405a-46a2-4447-8bda-91d4c60e2abf,~ 03/31(일),경기 성남시 분당구,신입·경력,대졸↑,정규직
2024-03-26,(주)대륜 개발팀 각 부문별 채용 (부산),주식회사 대륜,http://www.saramin.co.kr/zf_user/jobs/relay/view?view_type=search&rec_idx=47747208&location=ts&searchword=%EB%8D%B0%EC%9D%B4%ED%84%B0%EB%B6%84%EC%84%9D%EA%B0%80&searchType=search&paid_fl=n&search_uuid=31f6405a-46a2-4447-8bda-91d4c60e2abf,~ 05/10(금),부산 해운대구,경력무관,대졸↑,정규직
2024-03-26,JAVA 개발 및 카드사 유지보수 경력사원 모집,(주)한국빌링시스템,http://www.saramin.co.kr/zf_user/jobs/relay/view?view_type=search&rec_idx=47803807&location=ts&searchword=%EB%8D%B0%EC%9D%B4%ED%84%B0%EB%B6%84%EC%84%9D%EA%B0%80&searchType=search&paid_fl=n&search_uuid=31f6405a-46a2-4447-8bda-91d4c60e2abf,~ 04/30(화),서울 성동구,경력5년↑,학력무관,정규직
2024-03-26,(주)바디프랜드 HRM 담당자 데이터분석 전문가 채용,(주)바디프랜드,http://www.saramin.co.kr/zf_user/jobs/relay/view?view_type=search&rec_idx=47839793&location=ts&searchword=%EB%8D%B0%EC%9D%B4%ED%84%B0%EB%B6%84%EC%84%9D%EA%B0%80&searchType=search&paid_fl=n&search_uuid=31f6405a-46a2-4447-8bda-91d4c60e2abf,~ 04/04(목),서울 강남구,경력,대졸↑,정규직
2024-03-26,사업실 개발팀 팀원(개발자)를 찾습니다.,(주)브링코,http://www.saramin.co.kr/zf_user/jobs/relay/view?view_type=search&rec_idx=47837307&location=ts&searchword=%EB%8D%B0%EC%9D%B4%ED%84%B0%EB%B6%84%EC%84%9D%EA%B0%80&searchType=search&paid_fl=n&search_uuid=31f6405a-46a2-4447-8bda-91d4c60e2abf,~ 04/20(토),서울 강서구,경력 1~10년,대졸↑,정규직
2024-03-26,㈜피아이이 신입/경력사원 공개채용,(주)피아이이,http://www.saramin.co.kr/zf_user/jobs/relay/view?view_type=search&rec_idx=47652652&location=ts&searchword=%EB%8D%B0%EC%9D%B4%ED%84%B0%EB%B6%84%EC%84%9D%EA%B0%80&searchType=search&paid_fl=n&search_uuid=31f6405a-46a2-4447-8bda-91d4c60e2abf,~ 03/31(일),경기 화성시,신입·경력,고졸↑,정규직
2024-03-26,[NC 자회사] ㈜NC ITS 시스템 엔지니어 채용,(주)엔씨아이티에스,http://www.saramin.co.kr/zf_user/jobs/relay/view?view_type=search&rec_idx=47841875&location=ts&searchword=%EB%8D%B0%EC%9D%B4%ED%84%B0%EB%B6%84%EC%84%9D%EA%B0%80&searchType=search&paid_fl=n&search_uuid=31f6405a-46a2-4447-8bda-91d4c60e2abf,~ 04/05(금),경기 안양시 동안구,신입·경력,학력무관,정규직·계약직
2024-03-26,반도체 부문 신입/경력사원 모집,한양디지텍㈜,http://www.saramin.co.kr/zf_user/jobs/relay/view?view_type=search&rec_idx=47552930&location=ts&searchword=%EB%8D%B0%EC%9D%B4%ED%84%B0%EB%B6%84%EC%84%9D%EA%B0%80&searchType=search&paid_fl=n&search_uuid=31f6405a-46a2-4447-8bda-91d4c60e2abf,~ 04/13(토),경기 화성시,경력무관,대졸↑,정규직
2024-03-26,[대기업/연3100만/유연근무/워라밸] AI데이터라벨링/검수 채용,(주)사람인에이치에스,http://www.saramin.co.kr/zf_user/jobs/relay/view?view_type=search&rec_idx=47799748&location=ts&searchword=%EB%8D%B0%EC%9D%B4%ED%84%B0%EB%B6%84%EC%84%9D%EA%B0%80&searchType=search&paid_fl=n&search_uuid=31f6405a-46a2-4447-8bda-91d4c60e2abf,채용시,경기 성남시 분당구,경력무관,학력무관,계약직·파견직
2024-03-26,[대덕전자] IT 개발/운영 담당자 채용,대덕전자(주),http://www.saramin.co.kr/zf_user/jobs/relay/view?view_type=search&rec_idx=47821411&location=ts&searchword=%EB%8D%B0%EC%9D%B4%ED%84%B0%EB%B6%84%EC%84%9D%EA%B0%80&searchType=search&paid_fl=n&search_uuid=31f6405a-46a2-4447-8bda-91d4c60e2abf,채용시,경기 안산시 단원구,경력무관,초대졸↑,정규직
2024-03-26,백엔드 개발자,(주)비모소프트,http://www.saramin.co.kr/zf_user/jobs/relay/view?view_type=search&rec_idx=47791747&location=ts&searchword=%EB%8D%B0%EC%9D%B4%ED%84%B0%EB%B6%84%EC%84%9D%EA%B0%80&searchType=search&paid_fl=n&search_uuid=31f6405a-46a2-4447-8bda-91d4c60e2abf,상시채용,경기전체,신입·경력,학력무관,정규직
2024-03-26,㈜휴맥스그룹사(휴맥스홀딩스) 신입/경력 채용,(주)휴맥스,http://www.saramin.co.kr/zf_user/jobs/relay/view?view_type=search&rec_idx=47854318&location=ts&searchword=%EB%8D%B0%EC%9D%B4%ED%84%B0%EB%B6%84%EC%84%9D%EA%B0%80&searchType=search&paid_fl=n&search_uuid=31f6405a-46a2-4447-8bda-91d4c60e2abf,~ 04/14(일),경기 성남시 분당구,신입·경력,초대졸↑,정규직
2024-03-26,기술지원 정규직(신입) 채용,(주)아이모비,http://www.saramin.co.kr/zf_user/jobs/relay/view?view_type=search&rec_idx=47850283&location=ts&searchword=%EB%8D%B0%EC%9D%B4%ED%84%B0%EB%B6%84%EC%84%9D%EA%B0%80&searchType=search&paid_fl=n&search_uuid=31f6405a-46a2-4447-8bda-91d4c60e2abf,~ 04/10(수),경기 성남시 수정구,신입·경력,초대졸↑,정규직
2024-03-26,[안랩-제이슨] 신입 및 경력 모집_세일즈/대면영업/기술컨설턴/Python,(주)제이슨,http://www.saramin.co.kr/zf_user/jobs/relay/view?view_type=search&rec_idx=47801096&location=ts&searchword=%EB%8D%B0%EC%9D%B4%ED%84%B0%EB%B6%84%EC%84%9D%EA%B0%80&searchType=search&paid_fl=n&search_uuid=31f6405a-46a2-4447-8bda-91d4c60e2abf,~ 04/17(수),서울 마포구,신입·경력,대졸↑,정규직
2024-03-26,[롯데오토리스] IT팀(SAP운영) 경력직 모집,롯데오토리스(주),http://www.saramin.co.kr/zf_user/jobs/relay/view?view_type=search&rec_idx=47825155&location=ts&searchword=%EB%8D%B0%EC%9D%B4%ED%84%B0%EB%B6%84%EC%84%9D%EA%B0%80&searchType=search&paid_fl=n&search_uuid=31f6405a-46a2-4447-8bda-91d4c60e2abf,내일마감,서울 강남구,경력3년↑,대졸↑,정규직
2024-03-26,[현대차그룹 SPIN-OFF] 자율주행 Localization And Perception 정규직 채용,모빈(주),http://www.saramin.co.kr/zf_user/jobs/relay/view?view_type=search&rec_idx=47819461&location=ts&searchword=%EB%8D%B0%EC%9D%B4%ED%84%B0%EB%B6%84%EC%84%9D%EA%B0%80&searchType=search&paid_fl=n&search_uuid=31f6405a-46a2-4447-8bda-91d4c60e2abf,~ 04/18(목),경기 수원시 영통구,신입·경력,대졸↑,정규직
2024-03-26,사업기획 및 사업개발 업무 경력자 채용,(주)퍼플아카데미,http://www.saramin.co.kr/zf_user/jobs/relay/view?view_type=search&rec_idx=47851713&location=ts&searchword=%EB%8D%B0%EC%9D%B4%ED%84%B0%EB%B6%84%EC%84%9D%EA%B0%80&searchType=search&paid_fl=n&search_uuid=31f6405a-46a2-4447-8bda-91d4c60e2abf,~ 04/24(수),서울 양천구,경력 3~7년,대졸↑,정규직
2024-03-26,의료 빅데이터 분석 및 디지털헬스케어 시장조사 단기 인력 모집,(주)스몰머신즈,http://www.saramin.co.kr/zf_user/jobs/relay/view?view_type=search&rec_idx=47661037&location=ts&searchword=%EB%8D%B0%EC%9D%B4%ED%84%B0%EB%B6%84%EC%84%9D%EA%B0%80&searchType=search&paid_fl=n&search_uuid=31f6405a-46a2-4447-8bda-91d4c60e2abf,~ 04/27(토),서울 송파구,경력무관,대졸↑,아르바이트
2024-03-26,[국비무료IT취업]자바/웹앱/프론트·백엔드/풀스택/빅데이터 외,(사)한국아이씨티기술협회,http://www.saramin.co.kr/zf_user/jobs/relay/view?view_type=search&rec_idx=47807276&location=ts&searchword=%EB%8D%B0%EC%9D%B4%ED%84%B0%EB%B6%84%EC%84%9D%EA%B0%80&searchType=search&paid_fl=n&search_uuid=31f6405a-46a2-4447-8bda-91d4c60e2abf,~ 03/29(금),서울전체,경력무관,학력무관,교육생
2024-03-26,빅데이터분석-Python (신입/경력),(주)스마트인사이츠,http://www.saramin.co.kr/zf_user/jobs/relay/view?view_type=search&rec_idx=47756191&location=ts&searchword=%EB%8D%B0%EC%9D%B4%ED%84%B0%EB%B6%84%EC%84%9D%EA%B0%80&searchType=search&paid_fl=n&search_uuid=31f6405a-46a2-4447-8bda-91d4c60e2abf,~ 04/10(수),서울 관악구,경력무관,고졸↑,정규직·인턴직
2024-03-26,[일본근무] 웹 소프트웨어 IT 개발자 모집,일취,http://www.saramin.co.kr/zf_user/jobs/relay/view?view_type=search&rec_idx=47697655&location=ts&searchword=%EB%8D%B0%EC%9D%B4%ED%84%B0%EB%B6%84%EC%84%9D%EA%B0%80&searchType=search&paid_fl=n&search_uuid=31f6405a-46a2-4447-8bda-91d4c60e2abf,~ 04/03(수),일본,경력무관,초대졸↑,정규직
2024-03-26,EVI Data Engineer,(주)소프트베리,http://www.saramin.co.kr/zf_user/jobs/relay/view?view_type=search&rec_idx=47855117&location=ts&searchword=%EB%8D%B0%EC%9D%B4%ED%84%B0%EB%B6%84%EC%84%9D%EA%B0%80&searchType=search&paid_fl=n&search_uuid=31f6405a-46a2-4447-8bda-91d4c60e2abf,상시채용,제주전체,경력 1~5년,학력무관,정규직
2024-03-26,JAVA개발/컨텐츠개발/기술기획 채용,(주)폴리인스퍼레이션,http://www.saramin.co.kr/zf_user/jobs/relay/view?view_type=search&rec_idx=47484686&location=ts&searchword=%EB%8D%B0%EC%9D%B4%ED%84%B0%EB%B6%84%EC%84%9D%EA%B0%80&searchType=search&paid_fl=n&search_uuid=31f6405a-46a2-4447-8bda-91d4c60e2abf,~ 04/04(목),서울 송파구,경력,학력무관,정규직
2024-03-26,[AI 에듀테크] 각 부문 경력 채용,(주)클래스팅,http://www.saramin.co.kr/zf_user/jobs/relay/view?view_type=search&rec_idx=47783058&location=ts&searchword=%EB%8D%B0%EC%9D%B4%ED%84%B0%EB%B6%84%EC%84%9D%EA%B0%80&searchType=search&paid_fl=n&search_uuid=31f6405a-46a2-4447-8bda-91d4c60e2abf,~ 04/17(수),서울 강남구,경력,학력무관,정규직·계약직
2024-03-26,2024년 에스피파트너스 상반기 추가 채용 공고,(주)에스피파트너스,http://www.saramin.co.kr/zf_user/jobs/relay/view?view_type=search&rec_idx=47863745&location=ts&searchword=%EB%8D%B0%EC%9D%B4%ED%84%B0%EB%B6%84%EC%84%9D%EA%B0%80&searchType=search&paid_fl=n&search_uuid=31f6405a-46a2-4447-8bda-91d4c60e2abf,진행예정,대구 동구,신입,대졸↑,정규직
2024-03-26,(주) 이빗 - 파트타임 AI Trainer 모집 (프론트엔드 백엔드),주식회사 이빗,http://www.saramin.co.kr/zf_user/jobs/relay/view?view_type=search&rec_idx=47818078&location=ts&searchword=%EB%8D%B0%EC%9D%B4%ED%84%B0%EB%B6%84%EC%84%9D%EA%B0%80&searchType=search&paid_fl=n&search_uuid=31f6405a-46a2-4447-8bda-91d4c60e2abf,~ 04/18(목),서울 강남구,경력무관,학력무관,파트
2024-03-26,[kt M mobile] ‘24년 상반기 정기 공채,(주)케이티엠모바일,http://www.saramin.co.kr/zf_user/jobs/relay/view?view_type=search&rec_idx=47841779&location=ts&searchword=%EB%8D%B0%EC%9D%B4%ED%84%B0%EB%B6%84%EC%84%9D%EA%B0%80&searchType=search&paid_fl=n&search_uuid=31f6405a-46a2-4447-8bda-91d4c60e2abf,~ 04/07(일),서울 강남구,신입·경력,대졸↑,정규직
2024-03-26,2024년도 05월 별정직(계약직) 직원 모집,한국자동차연구원,http://www.saramin.co.kr/zf_user/jobs/relay/view?view_type=search&rec_idx=47769062&location=ts&searchword=%EB%8D%B0%EC%9D%B4%ED%84%B0%EB%B6%84%EC%84%9D%EA%B0%80&searchType=search&paid_fl=n&search_uuid=31f6405a-46a2-4447-8bda-91d4c60e2abf,~ 03/28(목),충남 천안시,경력무관,초대졸↑,계약직
2024-03-26,2024년 이공계 전문기술 연수(자동차 분야 예비 취업자 모집),한국자동차연구원,http://www.saramin.co.kr/zf_user/jobs/relay/view?view_type=search&rec_idx=47787862&location=ts&searchword=%EB%8D%B0%EC%9D%B4%ED%84%B0%EB%B6%84%EC%84%9D%EA%B0%80&searchType=search&paid_fl=n&search_uuid=31f6405a-46a2-4447-8bda-91d4c60e2abf,~ 03/29(금),서울 용산구,경력무관,초대졸↑,교육생
2024-03-26,서울대학교병원 데이터사이언스연구부 운영팀 모집(신입/경력),서울대학교병원,http://www.saramin.co.kr/zf_user/jobs/relay/view?view_type=search&rec_idx=47839260&location=ts&searchword=%EB%8D%B0%EC%9D%B4%ED%84%B0%EB%B6%84%EC%84%9D%EA%B0%80&searchType=search&paid_fl=n&search_uuid=31f6405a-46a2-4447-8bda-91d4c60e2abf,상시채용,서울 종로구,경력무관,대졸↑,계약직
2024-03-26,SW개발 신입/경력채용,(주)동아엘텍,http://www.saramin.co.kr/zf_user/jobs/relay/view?view_type=search&rec_idx=47780291&location=ts&searchword=%EB%8D%B0%EC%9D%B4%ED%84%B0%EB%B6%84%EC%84%9D%EA%B0%80&searchType=search&paid_fl=n&search_uuid=31f6405a-46a2-4447-8bda-91d4c60e2abf,~ 04/19(금),경기 안양시 동안구,신입·경력,학력무관,정규직
2024-03-26,24년 삼양라운드스퀘어 스퀘어랩(연구소) 공개채용,삼양식품(주),http://www.saramin.co.kr/zf_user/jobs/relay/view?view_type=search&rec_idx=47681276&location=ts&searchword=%EB%8D%B0%EC%9D%B4%ED%84%B0%EB%B6%84%EC%84%9D%EA%B0%80&searchType=search&paid_fl=n&search_uuid=31f6405a-46a2-4447-8bda-91d4c60e2abf,채용시,서울 성북구,경력2년↑,대졸↑,정규직
2024-03-26,연구소 신입/경력사원 모집,(주)디알젬,http://www.saramin.co.kr/zf_user/jobs/relay/view?view_type=search&rec_idx=47699028&location=ts&searchword=%EB%8D%B0%EC%9D%B4%ED%84%B0%EB%B6%84%EC%84%9D%EA%B0%80&searchType=search&paid_fl=n&search_uuid=31f6405a-46a2-4447-8bda-91d4c60e2abf,~ 04/03(수),경기 광명시,신입·경력,대졸↑,정규직
2024-03-26,(주)오상헬스케어 각 분야 채용,(주)오상헬스케어,http://www.saramin.co.kr/zf_user/jobs/relay/view?view_type=search&rec_idx=47654386&location=ts&searchword=%EB%8D%B0%EC%9D%B4%ED%84%B0%EB%B6%84%EC%84%9D%EA%B0%80&searchType=search&paid_fl=n&search_uuid=31f6405a-46a2-4447-8bda-91d4c60e2abf,~ 03/31(일),경기 안양시 동안구,신입·경력,고졸↑,정규직·계약직
2024-03-26,㈜마이크로인피니티 수원사업장 정규직 사원 모집,(주)마이크로인피니티,http://www.saramin.co.kr/zf_user/jobs/relay/view?view_type=search&rec_idx=47292122&location=ts&searchword=%EB%8D%B0%EC%9D%B4%ED%84%B0%EB%B6%84%EC%84%9D%EA%B0%80&searchType=search&paid_fl=n&search_uuid=31f6405a-46a2-4447-8bda-91d4c60e2abf,~ 04/30(화),경기 수원시 영통구,경력무관,학력무관,정규직
2024-03-26,[코코도르] 2024년 상반기 각 부문별 채용,코코도르(주),http://www.saramin.co.kr/zf_user/jobs/relay/view?view_type=search&rec_idx=47740201&location=ts&searchword=%EB%8D%B0%EC%9D%B4%ED%84%B0%EB%B6%84%EC%84%9D%EA%B0%80&searchType=search&paid_fl=n&search_uuid=31f6405a-46a2-4447-8bda-91d4c60e2abf,~ 04/07(일),경기 용인시 처인구,신입·경력,학력무관,정규직
2024-03-26,㈜나노텍 연구영업생산품질인사총무연구소행정(과제) 채용,(주)나노텍,http://www.saramin.co.kr/zf_user/jobs/relay/view?view_type=search&rec_idx=47485857&location=ts&searchword=%EB%8D%B0%EC%9D%B4%ED%84%B0%EB%B6%84%EC%84%9D%EA%B0%80&searchType=search&paid_fl=n&search_uuid=31f6405a-46a2-4447-8bda-91d4c60e2abf,~ 03/31(일),경기 용인시,신입·경력,학력무관,정규직
2024-03-26,[의료AI기업] 의공학/영상기반 AI 연구원/Medical Writer 모집,뉴로핏(주),http://www.saramin.co.kr/zf_user/jobs/relay/view?view_type=search&rec_idx=47848442&location=ts&searchword=%EB%8D%B0%EC%9D%B4%ED%84%B0%EB%B6%84%EC%84%9D%EA%B0%80&searchType=search&paid_fl=n&search_uuid=31f6405a-46a2-4447-8bda-91d4c60e2abf,~ 04/24(수),서울 강남구,신입·경력,대졸↑,정규직·인턴직
2024-03-26,[신입] 웹 개발 - 프론트엔드 & 백엔드,(주)에코인사이트글로벌,http://www.saramin.co.kr/zf_user/jobs/relay/view?view_type=search&rec_idx=47802218&location=ts&searchword=%EB%8D%B0%EC%9D%B4%ED%84%B0%EB%B6%84%EC%84%9D%EA%B0%80&searchType=search&paid_fl=n&search_uuid=31f6405a-46a2-4447-8bda-91d4c60e2abf,~ 05/17(금),서울 송파구,경력무관,초대졸↑,정규직
2024-03-26,한국IT서비스산업협회 직원 채용,(사)한국정보기술서비스산업협회,http://www.saramin.co.kr/zf_user/jobs/relay/view?view_type=search&rec_idx=47854724&location=ts&searchword=%EB%8D%B0%EC%9D%B4%ED%84%B0%EB%B6%84%EC%84%9D%EA%B0%80&searchType=search&paid_fl=n&search_uuid=31f6405a-46a2-4447-8bda-91d4c60e2abf,~ 03/29(금),서울 영등포구,경력5년↑,대졸↑,정규직
2024-03-26,기술평가 전문인력 및 사업지원 인력 모집 공고,나이스평가정보(주),http://www.saramin.co.kr/zf_user/jobs/relay/view?view_type=search&rec_idx=47766272&location=ts&searchword=%EB%8D%B0%EC%9D%B4%ED%84%B0%EB%B6%84%EC%84%9D%EA%B0%80&searchType=search&paid_fl=n&search_uuid=31f6405a-46a2-4447-8bda-91d4c60e2abf,~ 03/30(토),서울 영등포구,신입·경력,초대졸↑,전문계약직·계약직
2024-03-26,더존비즈온 고객지원 직군 모집,(주)더존비즈온,http://www.saramin.co.kr/zf_user/jobs/relay/view?view_type=search&rec_idx=47800815&location=ts&searchword=%EB%8D%B0%EC%9D%B4%ED%84%B0%EB%B6%84%EC%84%9D%EA%B0%80&searchType=search&paid_fl=n&search_uuid=31f6405a-46a2-4447-8bda-91d4c60e2abf,~ 04/01(월),강원 춘천시,경력무관,학력무관,정규직
2024-03-26,[차바이오텍] 분자유전체연구팀 연구원 모집,(주)차바이오텍,http://www.saramin.co.kr/zf_user/jobs/relay/view?view_type=search&rec_idx=47654788&location=ts&searchword=%EB%8D%B0%EC%9D%B4%ED%84%B0%EB%B6%84%EC%84%9D%EA%B0%80&searchType=search&paid_fl=n&search_uuid=31f6405a-46a2-4447-8bda-91d4c60e2abf,~ 03/31(일),서울 강남구,경력무관,대졸↑,정규직
2024-03-26,(주)비아이케이테라퓨틱스 신약개발 연구원 채용,(주)비아이케이테라퓨틱스,http://www.saramin.co.kr/zf_user/jobs/relay/view?view_type=search&rec_idx=47770886&location=ts&searchword=%EB%8D%B0%EC%9D%B4%ED%84%B0%EB%B6%84%EC%84%9D%EA%B0%80&searchType=search&paid_fl=n&search_uuid=31f6405a-46a2-4447-8bda-91d4c60e2abf,~ 04/12(금),경기 성남시 분당구,경력무관,대졸↑,정규직
2024-03-26,2024년 제1차 한국가스안전공사 가스안전연구원 연구과제 수행 위촉연구원 채용공고,한국가스안전공사 가스안전연구원,http://www.saramin.co.kr/zf_user/jobs/relay/view?view_type=search&rec_idx=47833478&location=ts&searchword=%EB%8D%B0%EC%9D%B4%ED%84%B0%EB%B6%84%EC%84%9D%EA%B0%80&searchType=search&paid_fl=n&search_uuid=31f6405a-46a2-4447-8bda-91d4c60e2abf,~ 04/09(화),충북 음성군,경력무관,학력무관,기간제·계약직
2024-03-26,2024년 (주)라이팩 신입/경력사원 채용,(주)라이팩,http://www.saramin.co.kr/zf_user/jobs/relay/view?view_type=search&rec_idx=47812669&location=ts&searchword=%EB%8D%B0%EC%9D%B4%ED%84%B0%EB%B6%84%EC%84%9D%EA%B0%80&searchType=search&paid_fl=n&search_uuid=31f6405a-46a2-4447-8bda-91d4c60e2abf,상시채용,서울 영등포구,경력무관,대졸↑,정규직
2024-03-26,용인세브란스병원 디지털 헬스케어 및 정신의학 연구원 모집,연세대학교의료원 산학협력단,http://www.saramin.co.kr/zf_user/jobs/relay/view?view_type=search&rec_idx=47847744&location=ts&searchword=%EB%8D%B0%EC%9D%B4%ED%84%B0%EB%B6%84%EC%84%9D%EA%B0%80&searchType=search&paid_fl=n&search_uuid=31f6405a-46a2-4447-8bda-91d4c60e2abf,채용시,경기 용인시 기흥구,경력무관,대졸↑,계약직
2024-03-26,[유한건강생활] HR담당자,(주)유한건강생활,http://www.saramin.co.kr/zf_user/jobs/relay/view?view_type=search&rec_idx=47806599&location=ts&searchword=%EB%8D%B0%EC%9D%B4%ED%84%B0%EB%B6%84%EC%84%9D%EA%B0%80&searchType=search&paid_fl=n&search_uuid=31f6405a-46a2-4447-8bda-91d4c60e2abf,채용시,서울 영등포구,경력 5~15년,대졸↑,정규직·계약직
2024-03-26,[편강한방연구소R&D] 연구개발 연구원 채용,(주)편강한방연구소,http://www.saramin.co.kr/zf_user/jobs/relay/view?view_type=search&rec_idx=47755030&location=ts&searchword=%EB%8D%B0%EC%9D%B4%ED%84%B0%EB%B6%84%EC%84%9D%EA%B0%80&searchType=search&paid_fl=n&search_uuid=31f6405a-46a2-4447-8bda-91d4c60e2abf,오늘마감,서울 서초구,경력,대졸↑,계약직
2024-03-26,[정규직] 한국분석과학연구소 분석연구원 (신입/경력),(주)한국분석과학연구소,http://www.saramin.co.kr/zf_user/jobs/relay/view?view_type=search&rec_idx=47784568&location=ts&searchword=%EB%8D%B0%EC%9D%B4%ED%84%B0%EB%B6%84%EC%84%9D%EA%B0%80&searchType=search&paid_fl=n&search_uuid=31f6405a-46a2-4447-8bda-91d4c60e2abf,~ 04/14(일),서울 성동구,신입·경력,초대졸↑,정규직
2024-03-26,[더웨이브톡] 바이오팀 미생물 연구원 신입/경력 채용,(주)더웨이브톡,http://www.saramin.co.kr/zf_user/jobs/relay/view?view_type=search&rec_idx=47848422&location=ts&searchword=%EB%8D%B0%EC%9D%B4%ED%84%B0%EB%B6%84%EC%84%9D%EA%B0%80&searchType=search&paid_fl=n&search_uuid=31f6405a-46a2-4447-8bda-91d4c60e2abf,~ 04/24(수),서울 성동구,경력무관,대졸↑,정규직
2024-03-26,유전자 치료제 세포 실험 연구 개발 연구원 모집 (석사신입),진에딧코리아 유한회사,http://www.saramin.co.kr/zf_user/jobs/relay/view?view_type=search&rec_idx=47810359&location=ts&searchword=%EB%8D%B0%EC%9D%B4%ED%84%B0%EB%B6%84%EC%84%9D%EA%B0%80&searchType=search&paid_fl=n&search_uuid=31f6405a-46a2-4447-8bda-91d4c60e2abf,~ 04/18(목),경기 성남시 분당구,신입,석사↑,정규직
2024-03-26,한국건설기술시험연구원 상반기 신입 및 경력직 연구원 채용,(주)한국건설기술시험연구원,http://www.saramin.co.kr/zf_user/jobs/relay/view?view_type=search&rec_idx=47857388&location=ts&searchword=%EB%8D%B0%EC%9D%B4%ED%84%B0%EB%B6%84%EC%84%9D%EA%B0%80&searchType=search&paid_fl=n&search_uuid=31f6405a-46a2-4447-8bda-91d4c60e2abf,~ 05/24(금),경기 화성시,경력무관,고졸↑,정규직
2024-03-26,[교육비 전액 무료] 인텔 AI 인재 양성과정 수원반 교육생 모집,한국표준협회,http://www.saramin.co.kr/zf_user/jobs/relay/view?view_type=search&rec_idx=47728025&location=ts&searchword=%EB%8D%B0%EC%9D%B4%ED%84%B0%EB%B6%84%EC%84%9D%EA%B0%80&searchType=search&paid_fl=n&search_uuid=31f6405a-46a2-4447-8bda-91d4c60e2abf,오늘마감,경기 수원시 영통구,경력무관,학력무관,교육생
2024-03-26,㈜에이션패션 그룹사 ㈜CNTS 용품디자이너 인재채용,(주)에이션패션,http://www.saramin.co.kr/zf_user/jobs/relay/view?view_type=search&rec_idx=47855019&location=ts&searchword=%EB%8D%B0%EC%9D%B4%ED%84%B0%EB%B6%84%EC%84%9D%EA%B0%80&searchType=search&paid_fl=n&search_uuid=31f6405a-46a2-4447-8bda-91d4c60e2abf,~ 03/31(일),서울 강동구,경력 3~6년,학력무관,정규직
2024-03-26,[쿠팡] Business Analyst (비즈니스 데이터 분석) 경력자,쿠팡(주),http://www.saramin.co.kr/zf_user/jobs/relay/view?view_type=search&rec_idx=47564238&location=ts&searchword=%EB%8D%B0%EC%9D%B4%ED%84%B0%EB%B6%84%EC%84%9D%EA%B0%80&searchType=search&paid_fl=n&search_uuid=31f6405a-46a2-4447-8bda-91d4c60e2abf,~ 04/14(일),서울 송파구,경력 5~18년,대졸↑,정규직
2024-03-26,유비씨 부트캠프 4기 디지털 트윈 과정,(주)유비씨,http://www.saramin.co.kr/zf_user/jobs/relay/view?view_type=search&rec_idx=47814084&location=ts&searchword=%EB%8D%B0%EC%9D%B4%ED%84%B0%EB%B6%84%EC%84%9D%EA%B0%80&searchType=search&paid_fl=n&search_uuid=31f6405a-46a2-4447-8bda-91d4c60e2abf,~ 03/31(일),서울 강남구,경력무관,학력무관,교육생
2024-03-26,[잇올그룹] 프로덕트 매니저 채용,(주)잇올,http://www.saramin.co.kr/zf_user/jobs/relay/view?view_type=search&rec_idx=47780098&location=ts&searchword=%EB%8D%B0%EC%9D%B4%ED%84%B0%EB%B6%84%EC%84%9D%EA%B0%80&searchType=search&paid_fl=n&search_uuid=31f6405a-46a2-4447-8bda-91d4c60e2abf,~ 04/12(금),서울 서초구,경력 3~7년,학력무관,정규직
2024-03-26,VIMOSOFT 2024 신입/경력 채용,(주)비모소프트,http://www.saramin.co.kr/zf_user/jobs/relay/view?view_type=search&rec_idx=47775455&location=ts&searchword=%EB%8D%B0%EC%9D%B4%ED%84%B0%EB%B6%84%EC%84%9D%EA%B0%80&searchType=search&paid_fl=n&search_uuid=31f6405a-46a2-4447-8bda-91d4c60e2abf,상시채용,경기 안양시 동안구,경력무관,초대졸↑,정규직·인턴직
2024-03-26,ESS 운영 신입/경력 채용,(주)그리드위즈,http://www.saramin.co.kr/zf_user/jobs/relay/view?view_type=search&rec_idx=47806340&location=ts&searchword=%EB%8D%B0%EC%9D%B4%ED%84%B0%EB%B6%84%EC%84%9D%EA%B0%80&searchType=search&paid_fl=n&search_uuid=31f6405a-46a2-4447-8bda-91d4c60e2abf,~ 04/16(화),경기 성남시 분당구,신입·경력,초대졸↑,정규직
2024-03-26,[국비무료]취업률100%달성 글로벌 무역/물류 관리 교육생 모집,동성인재개발교육원,http://www.saramin.co.kr/zf_user/jobs/relay/view?view_type=search&rec_idx=47654646&location=ts&searchword=%EB%8D%B0%EC%9D%B4%ED%84%B0%EB%B6%84%EC%84%9D%EA%B0%80&searchType=search&paid_fl=n&search_uuid=31f6405a-46a2-4447-8bda-91d4c60e2abf,내일마감,부산전체,경력무관,학력무관,교육생
2024-03-26,[경기/안산/시흥/인천] 국비지원 교육연수생 모집(취업연수안내),라인컴퓨터아트학원,http://www.saramin.co.kr/zf_user/jobs/relay/view?view_type=search&rec_idx=47258017&location=ts&searchword=%EB%8D%B0%EC%9D%B4%ED%84%B0%EB%B6%84%EC%84%9D%EA%B0%80&searchType=search&paid_fl=n&search_uuid=31f6405a-46a2-4447-8bda-91d4c60e2abf,~ 03/31(일),경기 안산시 단원구,신입·경력,고졸↑,교육생
2024-03-26,[쿠팡] Sales development & Data Analysis 인턴 (CMG HVA),쿠팡(주),http://www.saramin.co.kr/zf_user/jobs/relay/view?view_type=search&rec_idx=47696984&location=ts&searchword=%EB%8D%B0%EC%9D%B4%ED%84%B0%EB%B6%84%EC%84%9D%EA%B0%80&searchType=search&paid_fl=n&search_uuid=31f6405a-46a2-4447-8bda-91d4c60e2abf,~ 04/03(수),서울 송파구,신입,대졸↑,계약직
2024-03-26,[쿠팡] Senior Business Analyst (EHS),쿠팡(주),http://www.saramin.co.kr/zf_user/jobs/relay/view?view_type=search&rec_idx=47738640&location=ts&searchword=%EB%8D%B0%EC%9D%B4%ED%84%B0%EB%B6%84%EC%84%9D%EA%B0%80&searchType=search&paid_fl=n&search_uuid=31f6405a-46a2-4447-8bda-91d4c60e2abf,~ 04/07(일),서울 송파구,경력3년↑,대졸↑,정규직
2024-03-26,[쿠팡] Principal Business Analyst (Home Living & Leisure),쿠팡(주),http://www.saramin.co.kr/zf_user/jobs/relay/view?view_type=search&rec_idx=47798174&location=ts&searchword=%EB%8D%B0%EC%9D%B4%ED%84%B0%EB%B6%84%EC%84%9D%EA%B0%80&searchType=search&paid_fl=n&search_uuid=31f6405a-46a2-4447-8bda-91d4c60e2abf,~ 04/17(수),서울 송파구,경력3년↑,대졸↑,정규직
2024-03-26,[CLS]  Business Analyst (CoupangLogistics Service Middlemile,쿠팡(주),http://www.saramin.co.kr/zf_user/jobs/relay/view?view_type=search&rec_idx=47846241&location=ts&searchword=%EB%8D%B0%EC%9D%B4%ED%84%B0%EB%B6%84%EC%84%9D%EA%B0%80&searchType=search&paid_fl=n&search_uuid=31f6405a-46a2-4447-8bda-91d4c60e2abf,~ 04/23(화),서울 송파구,경력3년↑,대졸↑,정규직
2024-03-26,[쿠팡] 고객 개인정보 액세스 제어 담당자 (Permission Control),쿠팡(주),http://www.saramin.co.kr/zf_user/jobs/relay/view?view_type=search&rec_idx=47839238&location=ts&searchword=%EB%8D%B0%EC%9D%B4%ED%84%B0%EB%B6%84%EC%84%9D%EA%B0%80&searchType=search&paid_fl=n&search_uuid=31f6405a-46a2-4447-8bda-91d4c60e2abf,~ 04/21(일),서울 송파구,경력 2~7년,대졸↑,정규직
2024-03-26,[ABL생명] 디지털혁신부 경력직 수시채용,에이비엘생명보험(주),http://www.saramin.co.kr/zf_user/jobs/relay/view?view_type=search&rec_idx=47852216&location=ts&searchword=%EB%8D%B0%EC%9D%B4%ED%84%B0%EB%B6%84%EC%84%9D%EA%B0%80&searchType=search&paid_fl=n&search_uuid=31f6405a-46a2-4447-8bda-91d4c60e2abf,~ 03/31(일),서울 영등포구,경력,대졸↑,정규직
2024-03-26,[대상정보기술] 각 부문별 경력·신입 채용,대상정보기술(주),http://www.saramin.co.kr/zf_user/jobs/relay/view?view_type=search&rec_idx=47700244&location=ts&searchword=%EB%8D%B0%EC%9D%B4%ED%84%B0%EB%B6%84%EC%84%9D%EA%B0%80&searchType=search&paid_fl=n&search_uuid=31f6405a-46a2-4447-8bda-91d4c60e2abf,~ 03/31(일),서울 광진구,신입·경력,학력무관,정규직
2024-03-26,생산기술 경력 채용,(주)흥국,http://www.saramin.co.kr/zf_user/jobs/relay/view?view_type=search&rec_idx=47837723&location=ts&searchword=%EB%8D%B0%EC%9D%B4%ED%84%B0%EB%B6%84%EC%84%9D%EA%B0%80&searchType=search&paid_fl=n&search_uuid=31f6405a-46a2-4447-8bda-91d4c60e2abf,~ 04/20(토),충남 아산시,경력 3~7년,대졸↑,정규직
2024-03-26,알에스엔 각 부분 별 신입/경력 채용,(주)알에스엔,http://www.saramin.co.kr/zf_user/jobs/relay/view?view_type=search&rec_idx=47384092&location=ts&searchword=%EB%8D%B0%EC%9D%B4%ED%84%B0%EB%B6%84%EC%84%9D%EA%B0%80&searchType=search&paid_fl=n&search_uuid=31f6405a-46a2-4447-8bda-91d4c60e2abf,~ 03/31(일),경기 고양시 일산서구,신입·경력,대졸↑,정규직
2024-03-26,생물정보분석(Bioinformatics) 직원 채용(신입/경력),(주)디엔에이링크,http://www.saramin.co.kr/zf_user/jobs/relay/view?view_type=search&rec_idx=47657744&location=ts&searchword=%EB%8D%B0%EC%9D%B4%ED%84%B0%EB%B6%84%EC%84%9D%EA%B0%80&searchType=search&paid_fl=n&search_uuid=31f6405a-46a2-4447-8bda-91d4c60e2abf,오늘마감,서울 강서구,신입·경력,대졸↑,정규직
2024-03-26,데이터 사이언티스트,(주)더스윙,http://www.saramin.co.kr/zf_user/jobs/relay/view?view_type=search&rec_idx=47833753&location=ts&searchword=%EB%8D%B0%EC%9D%B4%ED%84%B0%EB%B6%84%EC%84%9D%EA%B0%80&searchType=search&paid_fl=n&search_uuid=31f6405a-46a2-4447-8bda-91d4c60e2abf,~ 04/19(금),서울 용산구,경력3년↑,고졸↑,정규직
2024-03-26,[나이스평가정보/통계전공신입환영] 빅데이터분석 담당자 모집,(주)코리아인,http://www.saramin.co.kr/zf_user/jobs/relay/view?view_type=search&rec_idx=47759861&location=ts&searchword=%EB%8D%B0%EC%9D%B4%ED%84%B0%EB%B6%84%EC%84%9D%EA%B0%80&searchType=search&paid_fl=n&search_uuid=31f6405a-46a2-4447-8bda-91d4c60e2abf,채용시,서울 영등포구,경력무관,대졸↑,계약직·파견직
2024-03-26,[판교/HL그룹] 대기업 전산사무 보조 채용(신입가능),(주)서울커뮤니케이션,http://www.saramin.co.kr/zf_user/jobs/relay/view?view_type=search&rec_idx=47832974&location=ts&searchword=%EB%8D%B0%EC%9D%B4%ED%84%B0%EB%B6%84%EC%84%9D%EA%B0%80&searchType=search&paid_fl=n&search_uuid=31f6405a-46a2-4447-8bda-91d4c60e2abf,~ 03/29(금),경기 성남시 수정구,경력무관,초대졸↑,계약직·파견직
2024-03-26,[크레버스] AI 엔지니어/프롬프트 엔지니어 채용,(주)크레버스,http://www.saramin.co.kr/zf_user/jobs/relay/view?view_type=search&rec_idx=47826014&location=ts&searchword=%EB%8D%B0%EC%9D%B4%ED%84%B0%EB%B6%84%EC%84%9D%EA%B0%80&searchType=search&paid_fl=n&search_uuid=31f6405a-46a2-4447-8bda-91d4c60e2abf,상시채용,서울 성동구,경력 1~9년,학력무관,정규직
2024-03-26,[칸타코리아] 월드패널 사업부 뷰티팀 신입 연구원 채용,(주)칸타코리아,http://www.saramin.co.kr/zf_user/jobs/relay/view?view_type=search&rec_idx=47861811&location=ts&searchword=%EB%8D%B0%EC%9D%B4%ED%84%B0%EB%B6%84%EC%84%9D%EA%B0%80&searchType=search&paid_fl=n&search_uuid=31f6405a-46a2-4447-8bda-91d4c60e2abf,채용시,서울 영등포구,신입·경력,대졸↑,계약직
2024-03-26,[정규직] 전산팀 경력사원 모집,(주)평일,http://www.saramin.co.kr/zf_user/jobs/relay/view?view_type=search&rec_idx=47734082&location=ts&searchword=%EB%8D%B0%EC%9D%B4%ED%84%B0%EB%B6%84%EC%84%9D%EA%B0%80&searchType=search&paid_fl=n&search_uuid=31f6405a-46a2-4447-8bda-91d4c60e2abf,~ 03/29(금),서울 송파구,경력2년↑,대졸↑,정규직
2024-03-26,(주)한진 디지털플랫폼사업 경력직 채용(CX그룹장),(주)한진,http://www.saramin.co.kr/zf_user/jobs/relay/view?view_type=search&rec_idx=47797917&location=ts&searchword=%EB%8D%B0%EC%9D%B4%ED%84%B0%EB%B6%84%EC%84%9D%EA%B0%80&searchType=search&paid_fl=n&search_uuid=31f6405a-46a2-4447-8bda-91d4c60e2abf,~ 04/17(수),서울 중구,경력6년↑,대졸↑,정규직
2024-03-26,[컬리] 상시 인재풀(인재 Pool) 등록 (물류직군),(주)컬리,http://www.saramin.co.kr/zf_user/jobs/relay/view?view_type=search&rec_idx=47618564&location=ts&searchword=%EB%8D%B0%EC%9D%B4%ED%84%B0%EB%B6%84%EC%84%9D%EA%B0%80&searchType=search&paid_fl=n&search_uuid=31f6405a-46a2-4447-8bda-91d4c60e2abf,상시채용,경기 평택시,경력무관,학력무관,정규직·계약직
2024-03-26,재고자산 데이터 통합 관리 담당자,(주)컬리,http://www.saramin.co.kr/zf_user/jobs/relay/view?view_type=search&rec_idx=47653770&location=ts&searchword=%EB%8D%B0%EC%9D%B4%ED%84%B0%EB%B6%84%EC%84%9D%EA%B0%80&searchType=search&paid_fl=n&search_uuid=31f6405a-46a2-4447-8bda-91d4c60e2abf,내일마감,경기 평택시,신입·경력,학력무관,정규직·계약직
2024-03-26,물류 데이터 담당자 (오후),(주)컬리,http://www.saramin.co.kr/zf_user/jobs/relay/view?view_type=search&rec_idx=47792471&location=ts&searchword=%EB%8D%B0%EC%9D%B4%ED%84%B0%EB%B6%84%EC%84%9D%EA%B0%80&searchType=search&paid_fl=n&search_uuid=31f6405a-46a2-4447-8bda-91d4c60e2abf,~ 04/14(일),경기 평택시,신입·경력,학력무관,정규직
2024-03-26,[넛지헬스케어] 백엔드/서버 개발자,넛지헬스케어(주),http://www.saramin.co.kr/zf_user/jobs/relay/view?view_type=search&rec_idx=47855940&location=ts&searchword=%EB%8D%B0%EC%9D%B4%ED%84%B0%EB%B6%84%EC%84%9D%EA%B0%80&searchType=search&paid_fl=n&search_uuid=31f6405a-46a2-4447-8bda-91d4c60e2abf,~ 05/24(금),서울 강남구,경력3년↑,대졸↑,정규직
2024-03-26,DP 데이터 분석 담당자 채용,(주)케이스탯리서치,http://www.saramin.co.kr/zf_user/jobs/relay/view?view_type=search&rec_idx=47664504&location=ts&searchword=%EB%8D%B0%EC%9D%B4%ED%84%B0%EB%B6%84%EC%84%9D%EA%B0%80&searchType=search&paid_fl=n&search_uuid=31f6405a-46a2-4447-8bda-91d4c60e2abf,~ 03/28(목),서울 서초구,신입,초대졸↑,정규직
2024-03-26,반도체 장비 CS 엔지니어 신입/경력 정규직 채용 공고,(주)참테크놀로지,http://www.saramin.co.kr/zf_user/jobs/relay/view?view_type=search&rec_idx=47579563&location=ts&searchword=%EB%8D%B0%EC%9D%B4%ED%84%B0%EB%B6%84%EC%84%9D%EA%B0%80&searchType=search&paid_fl=n&search_uuid=657d38b5-5850-43a8-bd0a-7519d3bf7915,~ 04/15(월),경기 광명시,경력무관,고졸↑,정규직
2024-03-26,미국주재원 머신비전 CS엔지니어 채용(오하이오/테네시/미시간),(주)그림,http://www.saramin.co.kr/zf_user/jobs/relay/view?view_type=search&rec_idx=47710904&location=ts&searchword=%EB%8D%B0%EC%9D%B4%ED%84%B0%EB%B6%84%EC%84%9D%EA%B0%80&searchType=search&paid_fl=n&search_uuid=657d38b5-5850-43a8-bd0a-7519d3bf7915,~ 04/04(목),충북 청주시 흥덕구,경력무관,학력무관,정규직
2024-03-26,[통근버스] 삼성물산 데이터엔지니어 모집,아이비커리어(주),http://www.saramin.co.kr/zf_user/jobs/relay/view?view_type=search&rec_idx=47780559&location=ts&searchword=%EB%8D%B0%EC%9D%B4%ED%84%B0%EB%B6%84%EC%84%9D%EA%B0%80&searchType=search&paid_fl=n&search_uuid=657d38b5-5850-43a8-bd0a-7519d3bf7915,~ 04/13(토),서울 강동구,경력무관,학력무관,파견직
2024-03-26,[네이버웹툰] [경력] Data Scientist,네이버웹툰(유),http://www.saramin.co.kr/zf_user/jobs/relay/view?view_type=search&rec_idx=47831561&location=ts&searchword=%EB%8D%B0%EC%9D%B4%ED%84%B0%EB%B6%84%EC%84%9D%EA%B0%80&searchType=search&paid_fl=n&search_uuid=657d38b5-5850-43a8-bd0a-7519d3bf7915,~ 04/09(화),경기 성남시 분당구,경력3년↑,대졸↑,정규직
2024-03-26,2차전지 VISION검사기 검사기술팀 채용,(주)아이비젼웍스,http://www.saramin.co.kr/zf_user/jobs/relay/view?view_type=search&rec_idx=47856959&location=ts&searchword=%EB%8D%B0%EC%9D%B4%ED%84%B0%EB%B6%84%EC%84%9D%EA%B0%80&searchType=search&paid_fl=n&search_uuid=657d38b5-5850-43a8-bd0a-7519d3bf7915,~ 04/24(수),충남 천안시 서북구,경력무관,초대졸↑,정규직
2024-03-26,(주)대륜 개발팀 각 부문별 채용 (서울),주식회사 대륜,http://www.saramin.co.kr/zf_user/jobs/relay/view?view_type=search&rec_idx=47610344&location=ts&searchword=%EB%8D%B0%EC%9D%B4%ED%84%B0%EB%B6%84%EC%84%9D%EA%B0%80&searchType=search&paid_fl=n&search_uuid=657d38b5-5850-43a8-bd0a-7519d3bf7915,~ 04/20(토),서울 영등포구,경력무관,대졸↑,정규직
2024-03-26,기술연구소 신입/경력사원 채용(Document AI/자연어/생성언어外),(주)이든티앤에스,http://www.saramin.co.kr/zf_user/jobs/relay/view?view_type=search&rec_idx=47764274&location=ts&searchword=%EB%8D%B0%EC%9D%B4%ED%84%B0%EB%B6%84%EC%84%9D%EA%B0%80&searchType=search&paid_fl=n&search_uuid=657d38b5-5850-43a8-bd0a-7519d3bf7915,~ 04/11(목),서울 영등포구,신입·경력,대졸↑,정규직
2024-03-26,데이터 분석 경력직 채용공고,(주)피엠그로우,http://www.saramin.co.kr/zf_user/jobs/relay/view?view_type=search&rec_idx=47804804&location=ts&searchword=%EB%8D%B0%EC%9D%B4%ED%84%B0%EB%B6%84%EC%84%9D%EA%B0%80&searchType=search&paid_fl=n&search_uuid=657d38b5-5850-43a8-bd0a-7519d3bf7915,~ 04/16(화),서울 서초구,경력3년↑,대졸↑,정규직
2024-03-26,퍼포먼스마케터 채용 [닥터포헤어],(주)와이어트,http://www.saramin.co.kr/zf_user/jobs/relay/view?view_type=search&rec_idx=47678225&location=ts&searchword=%EB%8D%B0%EC%9D%B4%ED%84%B0%EB%B6%84%EC%84%9D%EA%B0%80&searchType=search&paid_fl=n&search_uuid=657d38b5-5850-43a8-bd0a-7519d3bf7915,~ 03/31(일),서울 강남구,경력3년↑,초대졸↑,정규직
2024-03-26,[명동] IBM AIX 엔지니어 경력자 채용,(주)아이비피,http://www.saramin.co.kr/zf_user/jobs/relay/view?view_type=search&rec_idx=47783513&location=ts&searchword=%EB%8D%B0%EC%9D%B4%ED%84%B0%EB%B6%84%EC%84%9D%EA%B0%80&searchType=search&paid_fl=n&search_uuid=657d38b5-5850-43a8-bd0a-7519d3bf7915,~ 04/13(토),서울 중구,경력3년↑,대졸↑,정규직
2024-03-26,인공지능 개발자 채용,에이엠스퀘어(주),http://www.saramin.co.kr/zf_user/jobs/relay/view?view_type=search&rec_idx=47716390&location=ts&searchword=%EB%8D%B0%EC%9D%B4%ED%84%B0%EB%B6%84%EC%84%9D%EA%B0%80&searchType=search&paid_fl=n&search_uuid=657d38b5-5850-43a8-bd0a-7519d3bf7915,~ 04/04(목),서울 서초구,신입·경력,대졸↑,정규직·계약직
2024-03-26,QA 엔지니어/개발자 채용,(주)실크로드소프트,http://www.saramin.co.kr/zf_user/jobs/relay/view?view_type=search&rec_idx=47702266&location=ts&searchword=%EB%8D%B0%EC%9D%B4%ED%84%B0%EB%B6%84%EC%84%9D%EA%B0%80&searchType=search&paid_fl=n&search_uuid=657d38b5-5850-43a8-bd0a-7519d3bf7915,~ 04/02(화),경기 수원시 영통구,신입·경력,고졸↑,정규직
2024-03-26,머신러닝 개발자 채용- DL/ML 기반 데이터 분석,(주)띵스파이어,http://www.saramin.co.kr/zf_user/jobs/relay/view?view_type=search&rec_idx=47741076&location=ts&searchword=%EB%8D%B0%EC%9D%B4%ED%84%B0%EB%B6%84%EC%84%9D%EA%B0%80&searchType=search&paid_fl=n&search_uuid=657d38b5-5850-43a8-bd0a-7519d3bf7915,~ 04/06(토),서울 용산구,신입·경력,대졸↑,정규직
2024-03-26,솔루션(데이터분석) 기술지원 엔지니어 담당자 (신입),(주)넷스루,http://www.saramin.co.kr/zf_user/jobs/relay/view?view_type=search&rec_idx=47786540&location=ts&searchword=%EB%8D%B0%EC%9D%B4%ED%84%B0%EB%B6%84%EC%84%9D%EA%B0%80&searchType=search&paid_fl=n&search_uuid=657d38b5-5850-43a8-bd0a-7519d3bf7915,~ 04/13(토),서울 성동구,신입,초대졸↑,정규직
2024-03-26,데이터솔루션엔지니어 수행 팀원 담당자(신입),(주)넷스루,http://www.saramin.co.kr/zf_user/jobs/relay/view?view_type=search&rec_idx=47786513&location=ts&searchword=%EB%8D%B0%EC%9D%B4%ED%84%B0%EB%B6%84%EC%84%9D%EA%B0%80&searchType=search&paid_fl=n&search_uuid=657d38b5-5850-43a8-bd0a-7519d3bf7915,~ 04/13(토),서울 성동구,신입,대졸↑,정규직
2024-03-26,품질테스트 신입 모집,(주)옵토마인드,http://www.saramin.co.kr/zf_user/jobs/relay/view?view_type=search&rec_idx=47844349&location=ts&searchword=%EB%8D%B0%EC%9D%B4%ED%84%B0%EB%B6%84%EC%84%9D%EA%B0%80&searchType=search&paid_fl=n&search_uuid=657d38b5-5850-43a8-bd0a-7519d3bf7915,~ 04/07(일),경기 수원시 영통구,신입,초대졸↑,계약직
2024-03-26,[NC 자회사] ㈜NC ITS 보안관제 인력 채용,(주)엔씨아이티에스,http://www.saramin.co.kr/zf_user/jobs/relay/view?view_type=search&rec_idx=47841974&location=ts&searchword=%EB%8D%B0%EC%9D%B4%ED%84%B0%EB%B6%84%EC%84%9D%EA%B0%80&searchType=search&paid_fl=n&search_uuid=657d38b5-5850-43a8-bd0a-7519d3bf7915,~ 04/05(금),경기 성남시 분당구,경력4년↑,학력무관,계약직
2024-03-26,[오픈메이트] 데이터엔지니어 및 Data Architect 인재 모집,(주)오픈메이트,http://www.saramin.co.kr/zf_user/jobs/relay/view?view_type=search&rec_idx=47656351&location=ts&searchword=%EB%8D%B0%EC%9D%B4%ED%84%B0%EB%B6%84%EC%84%9D%EA%B0%80&searchType=search&paid_fl=n&search_uuid=657d38b5-5850-43a8-bd0a-7519d3bf7915,내일마감,서울 서대문구,신입·경력,학력무관,정규직
2024-03-26,[주5일] 르노코리아자동차 중앙연구소 사무직 채용,동호에이치알(주),http://www.saramin.co.kr/zf_user/jobs/relay/view?view_type=search&rec_idx=47792422&location=ts&searchword=%EB%8D%B0%EC%9D%B4%ED%84%B0%EB%B6%84%EC%84%9D%EA%B0%80&searchType=search&paid_fl=n&search_uuid=657d38b5-5850-43a8-bd0a-7519d3bf7915,채용시,경기 용인시 기흥구,경력무관,대졸↑,계약직·파견직
2024-03-26,[BMW FSK] Data Analyst,퍼솔켈리코리아(유),http://www.saramin.co.kr/zf_user/jobs/relay/view?view_type=search&rec_idx=47842323&location=ts&searchword=%EB%8D%B0%EC%9D%B4%ED%84%B0%EB%B6%84%EC%84%9D%EA%B0%80&searchType=search&paid_fl=n&search_uuid=657d38b5-5850-43a8-bd0a-7519d3bf7915,채용시,서울 중구,경력2년↑,대졸↑,정규직
2024-03-26,AI 빅데이터 머신러닝 전문연구요원 (병역특례) 모집,(주)씽크풀,http://www.saramin.co.kr/zf_user/jobs/relay/view?view_type=search&rec_idx=47666335&location=ts&searchword=%EB%8D%B0%EC%9D%B4%ED%84%B0%EB%B6%84%EC%84%9D%EA%B0%80&searchType=search&paid_fl=n&search_uuid=657d38b5-5850-43a8-bd0a-7519d3bf7915,~ 03/28(목),서울 영등포구,경력무관,석사↑,전문연구요원·병역특례
2024-03-26,데이터 분석 (태깅),콘센트릭스서비스코리아(유),http://www.saramin.co.kr/zf_user/jobs/relay/view?view_type=search&rec_idx=47485377&location=ts&searchword=%EB%8D%B0%EC%9D%B4%ED%84%B0%EB%B6%84%EC%84%9D%EA%B0%80&searchType=search&paid_fl=n&search_uuid=657d38b5-5850-43a8-bd0a-7519d3bf7915,~ 03/31(일),서울 강남구,신입·경력,학력무관,정규직
2024-03-26,전력발전사 정보시스템 유지보수(SM) 개발자 모집,(주)테라에너지,http://www.saramin.co.kr/zf_user/jobs/relay/view?view_type=search&rec_idx=47773022&location=ts&searchword=%EB%8D%B0%EC%9D%B4%ED%84%B0%EB%B6%84%EC%84%9D%EA%B0%80&searchType=search&paid_fl=n&search_uuid=657d38b5-5850-43a8-bd0a-7519d3bf7915,~ 04/12(금),경남 진주시,경력무관,초대졸↑,정규직·계약직
2024-03-26,[구매 전산 시스템] 개발/관리/구축 PM 모집,㈜동아테크놀로지,http://www.saramin.co.kr/zf_user/jobs/relay/view?view_type=search&rec_idx=47846728&location=ts&searchword=%EB%8D%B0%EC%9D%B4%ED%84%B0%EB%B6%84%EC%84%9D%EA%B0%80&searchType=search&paid_fl=n&search_uuid=657d38b5-5850-43a8-bd0a-7519d3bf7915,~ 05/23(목),울산 울주군,경력 2~15년,초대졸↑,정규직
2024-03-26,(주)앰진 IT 백엔드 경력 채용공고,(주)앰진,http://www.saramin.co.kr/zf_user/jobs/relay/view?view_type=search&rec_idx=47848558&location=ts&searchword=%EB%8D%B0%EC%9D%B4%ED%84%B0%EB%B6%84%EC%84%9D%EA%B0%80&searchType=search&paid_fl=n&search_uuid=657d38b5-5850-43a8-bd0a-7519d3bf7915,~ 04/01(월),서울 송파구,경력1년↑,대졸↑,정규직
2024-03-26,인공지능 빅데이터 개발자 / 정규직 / 경력 - 대리 과장,(주)스톤인테그리티,http://www.saramin.co.kr/zf_user/jobs/relay/view?view_type=search&rec_idx=47855235&location=ts&searchword=%EB%8D%B0%EC%9D%B4%ED%84%B0%EB%B6%84%EC%84%9D%EA%B0%80&searchType=search&paid_fl=n&search_uuid=657d38b5-5850-43a8-bd0a-7519d3bf7915,채용시,서울 강남구,경력2년↑,학력무관,정규직
2024-03-26,[신규채용] 반도체 장비 제어 SW개발 & 유지보수 담당 (C# C++),(주)두플,http://www.saramin.co.kr/zf_user/jobs/relay/view?view_type=search&rec_idx=47540528&location=ts&searchword=%EB%8D%B0%EC%9D%B4%ED%84%B0%EB%B6%84%EC%84%9D%EA%B0%80&searchType=search&paid_fl=n&search_uuid=657d38b5-5850-43a8-bd0a-7519d3bf7915,채용시,경기 성남시 분당구,경력무관,학력무관,정규직
2024-03-26,[신입/경력] 자산운용전략 컨설턴트 채용,(주)이앤에프어드바이저,http://www.saramin.co.kr/zf_user/jobs/relay/view?view_type=search&rec_idx=47693375&location=ts&searchword=%EB%8D%B0%EC%9D%B4%ED%84%B0%EB%B6%84%EC%84%9D%EA%B0%80&searchType=search&paid_fl=n&search_uuid=657d38b5-5850-43a8-bd0a-7519d3bf7915,~ 04/30(화),서울 영등포구,경력무관,석사↑,정규직
2024-03-26,데이터 가공 분석  신입/경력사원 채용 - 정규직,(주)싸인랩,http://www.saramin.co.kr/zf_user/jobs/relay/view?view_type=search&rec_idx=47676937&location=ts&searchword=%EB%8D%B0%EC%9D%B4%ED%84%B0%EB%B6%84%EC%84%9D%EA%B0%80&searchType=search&paid_fl=n&search_uuid=657d38b5-5850-43a8-bd0a-7519d3bf7915,~ 03/30(토),부산 부산진구,경력무관,학력무관,정규직
2024-03-26,빅데이터 분석 AI (머신러닝딥러닝) 가능한 팀원을 충원합니다,(주)연합시스템,http://www.saramin.co.kr/zf_user/jobs/relay/view?view_type=search&rec_idx=47768740&location=ts&searchword=%EB%8D%B0%EC%9D%B4%ED%84%B0%EB%B6%84%EC%84%9D%EA%B0%80&searchType=search&paid_fl=n&search_uuid=657d38b5-5850-43a8-bd0a-7519d3bf7915,오늘마감,경기 김포시,경력1년↑,학력무관,정규직
2024-03-26,(24년 상반기) (신입/경력직) 과학정책&기술기획 관련 학술연구,한국과학기술정책플랫폼협동조합,http://www.saramin.co.kr/zf_user/jobs/relay/view?view_type=search&rec_idx=47702293&location=ts&searchword=%EB%8D%B0%EC%9D%B4%ED%84%B0%EB%B6%84%EC%84%9D%EA%B0%80&searchType=search&paid_fl=n&search_uuid=657d38b5-5850-43a8-bd0a-7519d3bf7915,~ 03/31(일),서울 강남구,신입·경력,대졸↑,정규직
2024-03-26,빅데이터 분석(머신러닝/딥러닝) 컨설턴트 정규직 채용,디앤아이 컨설팅㈜,http://www.saramin.co.kr/zf_user/jobs/relay/view?view_type=search&rec_idx=47694453&location=ts&searchword=%EB%8D%B0%EC%9D%B4%ED%84%B0%EB%B6%84%EC%84%9D%EA%B0%80&searchType=search&paid_fl=n&search_uuid=657d38b5-5850-43a8-bd0a-7519d3bf7915,~ 03/31(일),서울 동대문구,경력무관,대졸↑,정규직
2024-03-26,[일진그룹] 초음파 의료기기 SW개발 (엔지니어 / 임상 등) 채용,알피니언메디칼시스템,http://www.saramin.co.kr/zf_user/jobs/relay/view?view_type=search&rec_idx=47847080&location=ts&searchword=%EB%8D%B0%EC%9D%B4%ED%84%B0%EB%B6%84%EC%84%9D%EA%B0%80&searchType=search&paid_fl=n&search_uuid=657d38b5-5850-43a8-bd0a-7519d3bf7915,~ 04/21(일),서울 강서구,경력15년↓,대졸↑,정규직·기간제
2024-03-26,[복지포인트지급] 노랑풍선 본사 인프라운영팀 OA담당자 모집,(주)올리브커리어,http://www.saramin.co.kr/zf_user/jobs/relay/view?view_type=search&rec_idx=47691315&location=ts&searchword=%EB%8D%B0%EC%9D%B4%ED%84%B0%EB%B6%84%EC%84%9D%EA%B0%80&searchType=search&paid_fl=n&search_uuid=657d38b5-5850-43a8-bd0a-7519d3bf7915,채용시,서울 중구,경력무관,초대졸↑,파견직 (정규직 전환가능)·파견직
2024-03-26,연구부문 정규직 및 계약직 채용,(재)한국정보통신산업연구원,http://www.saramin.co.kr/zf_user/jobs/relay/view?view_type=search&rec_idx=47763005&location=ts&searchword=%EB%8D%B0%EC%9D%B4%ED%84%B0%EB%B6%84%EC%84%9D%EA%B0%80&searchType=search&paid_fl=n&search_uuid=657d38b5-5850-43a8-bd0a-7519d3bf7915,~ 04/07(일),서울 용산구,신입·경력,초대졸↑,정규직·계약직
2024-03-26,(주)바이브온코퍼레이션 데이터 엔지니어 경력직 모집 공고,(주)바이브온코퍼레이션,http://www.saramin.co.kr/zf_user/jobs/relay/view?view_type=search&rec_idx=47860252&location=ts&searchword=%EB%8D%B0%EC%9D%B4%ED%84%B0%EB%B6%84%EC%84%9D%EA%B0%80&searchType=search&paid_fl=n&search_uuid=657d38b5-5850-43a8-bd0a-7519d3bf7915,채용시,서울 마포구,경력 2~10년,초대졸↑,정규직
2024-03-26,데이터 엔지니어 정규직 채용(경력),(주)모아이스,http://www.saramin.co.kr/zf_user/jobs/relay/view?view_type=search&rec_idx=47721944&location=ts&searchword=%EB%8D%B0%EC%9D%B4%ED%84%B0%EB%B6%84%EC%84%9D%EA%B0%80&searchType=search&paid_fl=n&search_uuid=657d38b5-5850-43a8-bd0a-7519d3bf7915,~ 04/04(목),서울 동작구,경력1년↑,고졸↑,정규직
2024-03-26,위협기술 연구 담당자 채용,(주)코어시큐리티,http://www.saramin.co.kr/zf_user/jobs/relay/view?view_type=search&rec_idx=47770088&location=ts&searchword=%EB%8D%B0%EC%9D%B4%ED%84%B0%EB%B6%84%EC%84%9D%EA%B0%80&searchType=search&paid_fl=n&search_uuid=657d38b5-5850-43a8-bd0a-7519d3bf7915,~ 04/11(목),서울 송파구,신입·경력,고졸↑,정규직
2024-03-26,2024년 제2차 계약직 직원채용 공고,(재)충남정보문화산업진흥원,http://www.saramin.co.kr/zf_user/jobs/relay/view?view_type=search&rec_idx=47820387&location=ts&searchword=%EB%8D%B0%EC%9D%B4%ED%84%B0%EB%B6%84%EC%84%9D%EA%B0%80&searchType=search&paid_fl=n&search_uuid=657d38b5-5850-43a8-bd0a-7519d3bf7915,~ 04/09(화),충남 아산시,신입·경력,학력무관,기간제·계약직
2024-03-26,의학 통계 연구원 채용,(주)메디플렉서스,http://www.saramin.co.kr/zf_user/jobs/relay/view?view_type=search&rec_idx=47773817&location=ts&searchword=%EB%8D%B0%EC%9D%B4%ED%84%B0%EB%B6%84%EC%84%9D%EA%B0%80&searchType=search&paid_fl=n&search_uuid=657d38b5-5850-43a8-bd0a-7519d3bf7915,~ 04/13(토),서울 마포구,경력1년↑,대졸↑,정규직
2024-03-26,[NDSOFT]2024년도 서비스개발부문 채용(부산),(주)엔디소프트,http://www.saramin.co.kr/zf_user/jobs/relay/view?view_type=search&rec_idx=47576812&location=ts&searchword=%EB%8D%B0%EC%9D%B4%ED%84%B0%EB%B6%84%EC%84%9D%EA%B0%80&searchType=search&paid_fl=n&search_uuid=657d38b5-5850-43a8-bd0a-7519d3bf7915,~ 04/15(월),부산 해운대구,경력무관,학력무관,정규직
2024-03-26,[NDSOFT]2024년도 서비스개발부문 채용(서울),(주)엔디소프트,http://www.saramin.co.kr/zf_user/jobs/relay/view?view_type=search&rec_idx=47576793&location=ts&searchword=%EB%8D%B0%EC%9D%B4%ED%84%B0%EB%B6%84%EC%84%9D%EA%B0%80&searchType=search&paid_fl=n&search_uuid=657d38b5-5850-43a8-bd0a-7519d3bf7915,~ 04/15(월),서울 강남구,경력무관,학력무관,정규직
2024-03-26,플리토 [LLM 학습용 한국어 질의/답변 데이터 구축] 작업자 채용,(주)비엠더코리아,http://www.saramin.co.kr/zf_user/jobs/relay/view?view_type=search&rec_idx=47685799&location=ts&searchword=%EB%8D%B0%EC%9D%B4%ED%84%B0%EB%B6%84%EC%84%9D%EA%B0%80&searchType=search&paid_fl=n&search_uuid=657d38b5-5850-43a8-bd0a-7519d3bf7915,~ 03/30(토),서울 강남구,경력무관,학력무관,파견직
2024-03-26,[교대역] (주)365mc 병원 의료정보 시스템 개발자 계약직 (1년),(주)삼육오엠씨네트웍스,http://www.saramin.co.kr/zf_user/jobs/relay/view?view_type=search&rec_idx=47831313&location=ts&searchword=%EB%8D%B0%EC%9D%B4%ED%84%B0%EB%B6%84%EC%84%9D%EA%B0%80&searchType=search&paid_fl=n&search_uuid=657d38b5-5850-43a8-bd0a-7519d3bf7915,~ 05/20(월),서울 서초구,경력무관,초대졸↑,계약직
2024-03-26,[신입-경력] 이동통신 사업자 ICT 시스템 운용 엔지니어 / SE,포인트아이(주),http://www.saramin.co.kr/zf_user/jobs/relay/view?view_type=search&rec_idx=47643429&location=ts&searchword=%EB%8D%B0%EC%9D%B4%ED%84%B0%EB%B6%84%EC%84%9D%EA%B0%80&searchType=search&paid_fl=n&search_uuid=657d38b5-5850-43a8-bd0a-7519d3bf7915,~ 04/12(금),서울 강남구,신입·경력,초대졸↑,정규직
2024-03-26,데이터 분석 및 데이터 전략 컨설턴트 채용,(주)데이터마케팅코리아,http://www.saramin.co.kr/zf_user/jobs/relay/view?view_type=search&rec_idx=47654472&location=ts&searchword=%EB%8D%B0%EC%9D%B4%ED%84%B0%EB%B6%84%EC%84%9D%EA%B0%80&searchType=search&paid_fl=n&search_uuid=657d38b5-5850-43a8-bd0a-7519d3bf7915,~ 04/26(금),서울 강남구,경력무관,대졸↑,정규직
2024-03-26,[아이.엠 택시] 데이터베이스관리자(DBA) 경력 채용,(주)진모빌리티,http://www.saramin.co.kr/zf_user/jobs/relay/view?view_type=search&rec_idx=47850382&location=ts&searchword=%EB%8D%B0%EC%9D%B4%ED%84%B0%EB%B6%84%EC%84%9D%EA%B0%80&searchType=search&paid_fl=n&search_uuid=657d38b5-5850-43a8-bd0a-7519d3bf7915,~ 04/26(금),서울 성동구,경력 2~10년,학력무관,정규직
2024-03-26,데이터 사이언티스트(Data Scientist),식스티헤르츠(주),http://www.saramin.co.kr/zf_user/jobs/relay/view?view_type=search&rec_idx=47851627&location=ts&searchword=%EB%8D%B0%EC%9D%B4%ED%84%B0%EB%B6%84%EC%84%9D%EA%B0%80&searchType=search&paid_fl=n&search_uuid=657d38b5-5850-43a8-bd0a-7519d3bf7915,~ 04/24(수),서울 성동구,경력 3~8년,대졸↑,정규직
2024-03-26,[신입/경력] App 개발 및 Data 관리 담당자 모집 (서울),(주)건우솔루션,http://www.saramin.co.kr/zf_user/jobs/relay/view?view_type=search&rec_idx=47771448&location=ts&searchword=%EB%8D%B0%EC%9D%B4%ED%84%B0%EB%B6%84%EC%84%9D%EA%B0%80&searchType=search&paid_fl=n&search_uuid=657d38b5-5850-43a8-bd0a-7519d3bf7915,~ 05/12(일),서울 강서구,경력무관,초대졸↑,정규직
2024-03-26,[정규직] 솔루션 SW JAVA 경력개발자 채용,주식회사 이지서티,http://www.saramin.co.kr/zf_user/jobs/relay/view?view_type=search&rec_idx=47682426&location=ts&searchword=%EB%8D%B0%EC%9D%B4%ED%84%B0%EB%B6%84%EC%84%9D%EA%B0%80&searchType=search&paid_fl=n&search_uuid=657d38b5-5850-43a8-bd0a-7519d3bf7915,~ 03/30(토),서울 강남구,경력1년↑,대졸↑,정규직
2024-03-26,빅데이터 와 인공지능 AI 프로그램 개발자 모십니다.,(주)더원테크,http://www.saramin.co.kr/zf_user/jobs/relay/view?view_type=search&rec_idx=47682818&location=ts&searchword=%EB%8D%B0%EC%9D%B4%ED%84%B0%EB%B6%84%EC%84%9D%EA%B0%80&searchType=search&paid_fl=n&search_uuid=657d38b5-5850-43a8-bd0a-7519d3bf7915,~ 03/30(토),서울 금천구,경력무관,대졸↑,정규직
2024-03-26,신사업팀 연구원 채용 (정보시스템 운영 및 정보화사업 기획),(재)건설산업정보원,http://www.saramin.co.kr/zf_user/jobs/relay/view?view_type=search&rec_idx=47729228&location=ts&searchword=%EB%8D%B0%EC%9D%B4%ED%84%B0%EB%B6%84%EC%84%9D%EA%B0%80&searchType=search&paid_fl=n&search_uuid=657d38b5-5850-43a8-bd0a-7519d3bf7915,~ 03/28(목),서울 강남구,신입·경력,대졸↑,정규직
2024-03-26,빅데이터 분석 및 시각화 프로그램 개발자 모십니다.,(주)더원테크,http://www.saramin.co.kr/zf_user/jobs/relay/view?view_type=search&rec_idx=47721382&location=ts&searchword=%EB%8D%B0%EC%9D%B4%ED%84%B0%EB%B6%84%EC%84%9D%EA%B0%80&searchType=search&paid_fl=n&search_uuid=657d38b5-5850-43a8-bd0a-7519d3bf7915,~ 04/05(금),서울 금천구,경력무관,대졸↑,정규직
2024-03-26,BigData / AI / MetaVerse 컨설턴트,(주)빅팀아이앤씨,http://www.saramin.co.kr/zf_user/jobs/relay/view?view_type=search&rec_idx=47744746&location=ts&searchword=%EB%8D%B0%EC%9D%B4%ED%84%B0%EB%B6%84%EC%84%9D%EA%B0%80&searchType=search&paid_fl=n&search_uuid=657d38b5-5850-43a8-bd0a-7519d3bf7915,~ 04/10(수),서울 강남구,경력무관,대졸↑,계약직·인턴직
2024-03-26,[서울]공공조사 리서치 연구원[경력직] 채용공고,(주)에스티이노베이션,http://www.saramin.co.kr/zf_user/jobs/relay/view?view_type=search&rec_idx=47634599&location=ts&searchword=%EB%8D%B0%EC%9D%B4%ED%84%B0%EB%B6%84%EC%84%9D%EA%B0%80&searchType=search&paid_fl=n&search_uuid=657d38b5-5850-43a8-bd0a-7519d3bf7915,~ 04/22(월),서울 서초구,경력무관,학력무관,정규직·계약직
2024-03-26,BI 컨설턴트( Tableau SQL ETL  DB)  신입/경력 - 세일링스톤,세일링스톤(주),http://www.saramin.co.kr/zf_user/jobs/relay/view?view_type=search&rec_idx=47671474&location=ts&searchword=%EB%8D%B0%EC%9D%B4%ED%84%B0%EB%B6%84%EC%84%9D%EA%B0%80&searchType=search&paid_fl=n&search_uuid=657d38b5-5850-43a8-bd0a-7519d3bf7915,채용시,서울 강서구,경력무관,초대졸↑,정규직
2024-03-26,특허/상표 데이터 등 분석(Python) 및 사업 기획 모집,(주)마크클라우드,http://www.saramin.co.kr/zf_user/jobs/relay/view?view_type=search&rec_idx=47734145&location=ts&searchword=%EB%8D%B0%EC%9D%B4%ED%84%B0%EB%B6%84%EC%84%9D%EA%B0%80&searchType=search&paid_fl=n&search_uuid=657d38b5-5850-43a8-bd0a-7519d3bf7915,~ 04/07(일),서울 강남구,신입·경력,대졸↑,정규직
2024-03-26,IT Intern (P&G Summer Internship),한국피앤지(유),http://www.saramin.co.kr/zf_user/jobs/relay/view?view_type=search&rec_idx=47735728&location=ts&searchword=%EB%8D%B0%EC%9D%B4%ED%84%B0%EB%B6%84%EC%84%9D%EA%B0%80&searchType=search&paid_fl=n&search_uuid=657d38b5-5850-43a8-bd0a-7519d3bf7915,~ 04/12(금),서울전체,경력무관,초대졸↑,정규직·인턴직
2024-03-26,AI개발자 신입/경력 채용,(주)터빈크루,http://www.saramin.co.kr/zf_user/jobs/relay/view?view_type=search&rec_idx=47795732&location=ts&searchword=%EB%8D%B0%EC%9D%B4%ED%84%B0%EB%B6%84%EC%84%9D%EA%B0%80&searchType=search&paid_fl=n&search_uuid=657d38b5-5850-43a8-bd0a-7519d3bf7915,~ 05/16(목),광주 북구,경력무관,대졸↑,정규직
2024-03-26,솔루션 엔지니어(기술지원) 경력 모집,(주)맥데이타,http://www.saramin.co.kr/zf_user/jobs/relay/view?view_type=search&rec_idx=47803524&location=ts&searchword=%EB%8D%B0%EC%9D%B4%ED%84%B0%EB%B6%84%EC%84%9D%EA%B0%80&searchType=search&paid_fl=n&search_uuid=657d38b5-5850-43a8-bd0a-7519d3bf7915,~ 05/17(금),경기 성남시 수정구,경력2년↑,학력무관,정규직
2024-03-26,아우토크립트 인재풀,아우토크립트(주),http://www.saramin.co.kr/zf_user/jobs/relay/view?view_type=search&rec_idx=47829449&location=ts&searchword=%EB%8D%B0%EC%9D%B4%ED%84%B0%EB%B6%84%EC%84%9D%EA%B0%80&searchType=search&paid_fl=n&search_uuid=657d38b5-5850-43a8-bd0a-7519d3bf7915,~ 05/20(월),서울 영등포구,경력무관,학력무관,정규직·계약직
2024-03-26,통계팀(데이터분석) 채용 - 경험자 우대,(주)모모랩스,http://www.saramin.co.kr/zf_user/jobs/relay/view?view_type=search&rec_idx=47702805&location=ts&searchword=%EB%8D%B0%EC%9D%B4%ED%84%B0%EB%B6%84%EC%84%9D%EA%B0%80&searchType=search&paid_fl=n&search_uuid=657d38b5-5850-43a8-bd0a-7519d3bf7915,~ 04/03(수),서울 강남구,경력무관,학력무관,정규직
2024-03-26,부산본부 연구 팀장 채용(수시모집),지방행정발전연구원,http://www.saramin.co.kr/zf_user/jobs/relay/view?view_type=search&rec_idx=47708217&location=ts&searchword=%EB%8D%B0%EC%9D%B4%ED%84%B0%EB%B6%84%EC%84%9D%EA%B0%80&searchType=search&paid_fl=n&search_uuid=657d38b5-5850-43a8-bd0a-7519d3bf7915,상시채용,부산 사상구,경력,대졸↑,정규직
2024-03-26,Data Engineer 채용,(주)스마트프로,http://www.saramin.co.kr/zf_user/jobs/relay/view?view_type=search&rec_idx=47853181&location=ts&searchword=%EB%8D%B0%EC%9D%B4%ED%84%B0%EB%B6%84%EC%84%9D%EA%B0%80&searchType=search&paid_fl=n&search_uuid=657d38b5-5850-43a8-bd0a-7519d3bf7915,~ 04/24(수),대전 유성구,경력5년↑,대졸↑,정규직
2024-03-26,[삼일회계법인] 2024년 감사 부문 IT 감사인 및 컨설턴트 공채,삼일회계법인,http://www.saramin.co.kr/zf_user/jobs/relay/view?view_type=search&rec_idx=47695428&location=ts&searchword=%EB%8D%B0%EC%9D%B4%ED%84%B0%EB%B6%84%EC%84%9D%EA%B0%80&searchType=search&paid_fl=n&search_uuid=657d38b5-5850-43a8-bd0a-7519d3bf7915,~ 03/28(목),서울 용산구,경력무관,대졸↑,정규직
2024-03-26,[삼일회계법인] Service Delivery Center 신입채용 - 기한연장,삼일회계법인,http://www.saramin.co.kr/zf_user/jobs/relay/view?view_type=search&rec_idx=47854694&location=ts&searchword=%EB%8D%B0%EC%9D%B4%ED%84%B0%EB%B6%84%EC%84%9D%EA%B0%80&searchType=search&paid_fl=n&search_uuid=657d38b5-5850-43a8-bd0a-7519d3bf7915,~ 04/24(수),서울 용산구,경력무관,초대졸↑,계약직
2024-03-26,개발팀 신입/경력 (Frontend / Backend) 채용 공고,(주)데이터디자인엔지니어링,http://www.saramin.co.kr/zf_user/jobs/relay/view?view_type=search&rec_idx=47858274&location=ts&searchword=%EB%8D%B0%EC%9D%B4%ED%84%B0%EB%B6%84%EC%84%9D%EA%B0%80&searchType=search&paid_fl=n&search_uuid=657d38b5-5850-43a8-bd0a-7519d3bf7915,~ 04/25(목),서울 구로구,경력 3~20년,대졸↑,정규직
2024-03-26,[비버웍스] Data Scientist 모집,(주)비버웍스,http://www.saramin.co.kr/zf_user/jobs/relay/view?view_type=search&rec_idx=47638490&location=ts&searchword=%EB%8D%B0%EC%9D%B4%ED%84%B0%EB%B6%84%EC%84%9D%EA%B0%80&searchType=search&paid_fl=n&search_uuid=657d38b5-5850-43a8-bd0a-7519d3bf7915,채용시,서울 강남구,신입·경력,학력무관,정규직
2024-03-26,코데이터솔루션(주) 신입직원 상시 채용,코데이터솔루션(주),http://www.saramin.co.kr/zf_user/jobs/relay/view?view_type=search&rec_idx=47830194&location=ts&searchword=%EB%8D%B0%EC%9D%B4%ED%84%B0%EB%B6%84%EC%84%9D%EA%B0%80&searchType=search&paid_fl=n&search_uuid=657d38b5-5850-43a8-bd0a-7519d3bf7915,~ 04/20(토),서울 영등포구,경력무관,대졸↑,정규직
2024-03-26,전기차 DB 매니저,(주)피알앤디컴퍼니,http://www.saramin.co.kr/zf_user/jobs/relay/view?view_type=search&rec_idx=47841716&location=ts&searchword=%EB%8D%B0%EC%9D%B4%ED%84%B0%EB%B6%84%EC%84%9D%EA%B0%80&searchType=search&paid_fl=n&search_uuid=657d38b5-5850-43a8-bd0a-7519d3bf7915,~ 03/31(일),서울 서초구,경력무관,학력무관,정규직
2024-03-26,[부동부동] 서비스 데이터 엔지니어 채용(팀원),(주)크레이지알파카,http://www.saramin.co.kr/zf_user/jobs/relay/view?view_type=search&rec_idx=47850797&location=ts&searchword=%EB%8D%B0%EC%9D%B4%ED%84%B0%EB%B6%84%EC%84%9D%EA%B0%80&searchType=search&paid_fl=n&search_uuid=657d38b5-5850-43a8-bd0a-7519d3bf7915,내일마감,서울 서초구,경력1년↑,대졸↑,정규직
2024-03-26,AI 신약 개발 R&D 연구원 채용 (정규직 전환 인턴),(주)에임블,http://www.saramin.co.kr/zf_user/jobs/relay/view?view_type=search&rec_idx=47544036&location=ts&searchword=%EB%8D%B0%EC%9D%B4%ED%84%B0%EB%B6%84%EC%84%9D%EA%B0%80&searchType=search&paid_fl=n&search_uuid=657d38b5-5850-43a8-bd0a-7519d3bf7915,~ 04/08(월),서울 성동구,경력무관,대졸↑,인턴직
2024-03-26,의료 텍스트 자연어처리(NLP) 딥러닝 연구원(전문연구요원 가능),(주)테서,http://www.saramin.co.kr/zf_user/jobs/relay/view?view_type=search&rec_idx=47547317&location=ts&searchword=%EB%8D%B0%EC%9D%B4%ED%84%B0%EB%B6%84%EC%84%9D%EA%B0%80&searchType=search&paid_fl=n&search_uuid=657d38b5-5850-43a8-bd0a-7519d3bf7915,상시채용,서울 강남구,경력무관,대졸↑,정규직·전문연구요원
2024-03-26,[ADAS/ADS 개발] Data Management 신입/경력 사원,이인텔리전스(주),http://www.saramin.co.kr/zf_user/jobs/relay/view?view_type=search&rec_idx=47700270&location=ts&searchword=%EB%8D%B0%EC%9D%B4%ED%84%B0%EB%B6%84%EC%84%9D%EA%B0%80&searchType=search&paid_fl=n&search_uuid=657d38b5-5850-43a8-bd0a-7519d3bf7915,~ 04/03(수),서울 강남구,경력무관,초대졸↑,정규직
2024-03-26,임베디드 소프트웨어 테스트 엔지니어 모집(신입),(주)세온이앤에스,http://www.saramin.co.kr/zf_user/jobs/relay/view?view_type=search&rec_idx=47727617&location=ts&searchword=%EB%8D%B0%EC%9D%B4%ED%84%B0%EB%B6%84%EC%84%9D%EA%B0%80&searchType=search&paid_fl=n&search_uuid=657d38b5-5850-43a8-bd0a-7519d3bf7915,~ 04/05(금),서울 금천구,신입·경력,대졸↑,정규직
2024-03-26,임베디드 소프트웨어개발 엔지니어 모집(신입),(주)세온이앤에스,http://www.saramin.co.kr/zf_user/jobs/relay/view?view_type=search&rec_idx=47727675&location=ts&searchword=%EB%8D%B0%EC%9D%B4%ED%84%B0%EB%B6%84%EC%84%9D%EA%B0%80&searchType=search&paid_fl=n&search_uuid=657d38b5-5850-43a8-bd0a-7519d3bf7915,~ 04/05(금),서울 금천구,신입·경력,대졸↑,정규직
2024-03-26,[제4이동통신사] STAGE X '네트워크 관련 대규모' 채용,(주)스테이지파이브,http://www.saramin.co.kr/zf_user/jobs/relay/view?view_type=search&rec_idx=47760130&location=ts&searchword=%EB%8D%B0%EC%9D%B4%ED%84%B0%EB%B6%84%EC%84%9D%EA%B0%80&searchType=search&paid_fl=n&search_uuid=657d38b5-5850-43a8-bd0a-7519d3bf7915,~ 04/11(목),서울 송파구,경력 10~20년,대졸↑,정규직
2024-03-26,[제4이동통신사] STAGE X '이동통신 Access망 운용관리' 채용,(주)스테이지파이브,http://www.saramin.co.kr/zf_user/jobs/relay/view?view_type=search&rec_idx=47761648&location=ts&searchword=%EB%8D%B0%EC%9D%B4%ED%84%B0%EB%B6%84%EC%84%9D%EA%B0%80&searchType=search&paid_fl=n&search_uuid=657d38b5-5850-43a8-bd0a-7519d3bf7915,~ 04/30(화),서울 송파구,경력 10~20년,대졸↑,정규직
2024-03-26,20. DATA Engineer Data Scientist 채용[글로벌 헬스케어 기업],베스트네트워크㈜,http://www.saramin.co.kr/zf_user/jobs/relay/view?view_type=search&rec_idx=47747523&location=ts&searchword=%EB%8D%B0%EC%9D%B4%ED%84%B0%EB%B6%84%EC%84%9D%EA%B0%80&searchType=search&paid_fl=n&search_uuid=657d38b5-5850-43a8-bd0a-7519d3bf7915,~ 03/29(금),서울 강남구,경력무관,학력무관,정규직
2024-03-26,20. ML Engineer Backend engineer 채용[글로벌 헬스케어 기업],베스트네트워크㈜,http://www.saramin.co.kr/zf_user/jobs/relay/view?view_type=search&rec_idx=47747512&location=ts&searchword=%EB%8D%B0%EC%9D%B4%ED%84%B0%EB%B6%84%EC%84%9D%EA%B0%80&searchType=search&paid_fl=n&search_uuid=657d38b5-5850-43a8-bd0a-7519d3bf7915,~ 03/29(금),서울 강남구,경력무관,학력무관,정규직
2024-03-26,[제4이동통신사] STAGE X 'Cloud 인프라 구축 및 운영' 채용,(주)스테이지파이브,http://www.saramin.co.kr/zf_user/jobs/relay/view?view_type=search&rec_idx=47786568&location=ts&searchword=%EB%8D%B0%EC%9D%B4%ED%84%B0%EB%B6%84%EC%84%9D%EA%B0%80&searchType=search&paid_fl=n&search_uuid=657d38b5-5850-43a8-bd0a-7519d3bf7915,~ 04/30(화),서울 송파구,신입·경력,대졸↑,정규직
2024-03-26,PM/데이터 엔지니어 인턴 (6개월 정규직 전환형),(주)딥다이브,http://www.saramin.co.kr/zf_user/jobs/relay/view?view_type=search&rec_idx=47788753&location=ts&searchword=%EB%8D%B0%EC%9D%B4%ED%84%B0%EB%B6%84%EC%84%9D%EA%B0%80&searchType=search&paid_fl=n&search_uuid=657d38b5-5850-43a8-bd0a-7519d3bf7915,~ 04/14(일),서울 강남구,신입,학력무관,인턴직
2024-03-26,[맥시마이저] 글로벌 게임/웹툰 데이터 사이언티스트,맥시마이저(주),http://www.saramin.co.kr/zf_user/jobs/relay/view?view_type=search&rec_idx=47856199&location=ts&searchword=%EB%8D%B0%EC%9D%B4%ED%84%B0%EB%B6%84%EC%84%9D%EA%B0%80&searchType=search&paid_fl=n&search_uuid=657d38b5-5850-43a8-bd0a-7519d3bf7915,~ 04/24(수),서울 강남구,경력,대졸↑,정규직
2024-03-26,IT/디지털 분야 헤드헌터 모집 (신입/경력),(주)스카우트플랜,http://www.saramin.co.kr/zf_user/jobs/relay/view?view_type=search&rec_idx=47846468&location=ts&searchword=%EB%8D%B0%EC%9D%B4%ED%84%B0%EB%B6%84%EC%84%9D%EA%B0%80&searchType=search&paid_fl=n&search_uuid=657d38b5-5850-43a8-bd0a-7519d3bf7915,~ 04/23(화),서울 강남구,경력무관,대졸↑,위촉직·프리랜서
2024-03-26,생성형 AI 기반의 컴퓨터 그래픽스/비전 연구개발자 채용 (병역특례),(주)인공지능연구원,http://www.saramin.co.kr/zf_user/jobs/relay/view?view_type=search&rec_idx=47664815&location=ts&searchword=%EB%8D%B0%EC%9D%B4%ED%84%B0%EB%B6%84%EC%84%9D%EA%B0%80&searchType=search&paid_fl=n&search_uuid=657d38b5-5850-43a8-bd0a-7519d3bf7915,내일마감,경기 성남시 분당구,신입·경력,석사↑,정규직
2024-03-26,생성형 AI 활용 PoC 프로젝트 미니인턴(주20시간),(주)핀인사이트,http://www.saramin.co.kr/zf_user/jobs/relay/view?view_type=search&rec_idx=47744673&location=ts&searchword=%EB%8D%B0%EC%9D%B4%ED%84%B0%EB%B6%84%EC%84%9D%EA%B0%80&searchType=search&paid_fl=n&search_uuid=657d38b5-5850-43a8-bd0a-7519d3bf7915,~ 04/09(화),서울 영등포구,신입,학력무관,파트
2024-03-26,데이터 엔지니어(MS) 채용(신입/경력),엠클라우드브리지(주),http://www.saramin.co.kr/zf_user/jobs/relay/view?view_type=search&rec_idx=47809753&location=ts&searchword=%EB%8D%B0%EC%9D%B4%ED%84%B0%EB%B6%84%EC%84%9D%EA%B0%80&searchType=search&paid_fl=n&search_uuid=657d38b5-5850-43a8-bd0a-7519d3bf7915,~ 05/04(토),서울 강남구,신입·경력,학력무관,정규직
2024-03-26,AI Researcher / Engineer,올거나이즈코리아(주),http://www.saramin.co.kr/zf_user/jobs/relay/view?view_type=search&rec_idx=47824995&location=ts&searchword=%EB%8D%B0%EC%9D%B4%ED%84%B0%EB%B6%84%EC%84%9D%EA%B0%80&searchType=search&paid_fl=n&search_uuid=657d38b5-5850-43a8-bd0a-7519d3bf7915,상시채용,서울 강남구,신입·경력,학력무관,정규직
2024-03-26,웹/앱 개발자 및  풀스택 개발자 모집,(주)한국해양벤처투자,http://www.saramin.co.kr/zf_user/jobs/relay/view?view_type=search&rec_idx=47602712&location=ts&searchword=%EB%8D%B0%EC%9D%B4%ED%84%B0%EB%B6%84%EC%84%9D%EA%B0%80&searchType=search&paid_fl=n&search_uuid=657d38b5-5850-43a8-bd0a-7519d3bf7915,~ 04/19(금),부산 금정구,경력무관,학력무관,정규직·파트
2024-03-26,생명정보학 분석 담당 연구원 구인의 건,(주)에이티지라이프텍,http://www.saramin.co.kr/zf_user/jobs/relay/view?view_type=search&rec_idx=47713858&location=ts&searchword=%EB%8D%B0%EC%9D%B4%ED%84%B0%EB%B6%84%EC%84%9D%EA%B0%80&searchType=search&paid_fl=n&search_uuid=657d38b5-5850-43a8-bd0a-7519d3bf7915,~ 04/05(금),서울 금천구,경력무관,고졸↑,정규직·계약직
2024-03-26,한국코러스(주) 생산3본부(음성) QC/QA 품질팀 신규채용,지엘라파(주),http://www.saramin.co.kr/zf_user/jobs/relay/view?view_type=search&rec_idx=47781266&location=ts&searchword=%EB%8D%B0%EC%9D%B4%ED%84%B0%EB%B6%84%EC%84%9D%EA%B0%80&searchType=search&paid_fl=n&search_uuid=657d38b5-5850-43a8-bd0a-7519d3bf7915,~ 04/13(토),충북 음성군,경력무관,학력무관,정규직
2024-03-26,데이터 사이언티스트 [ML팀],(주)하이,http://www.saramin.co.kr/zf_user/jobs/relay/view?view_type=search&rec_idx=47858721&location=ts&searchword=%EB%8D%B0%EC%9D%B4%ED%84%B0%EB%B6%84%EC%84%9D%EA%B0%80&searchType=search&paid_fl=n&search_uuid=657d38b5-5850-43a8-bd0a-7519d3bf7915,~ 04/24(수),서울 종로구,경력 2~10년,학력무관,정규직
2024-03-26,[국비지원무료교육] 인공지능 ChatGPT 메타버스 로봇 과정 교육생 모집,(재)울산정보산업진흥원,http://www.saramin.co.kr/zf_user/jobs/relay/view?view_type=search&rec_idx=47848610&location=ts&searchword=%EB%8D%B0%EC%9D%B4%ED%84%B0%EB%B6%84%EC%84%9D%EA%B0%80&searchType=search&paid_fl=n&search_uuid=657d38b5-5850-43a8-bd0a-7519d3bf7915,~ 04/05(금),울산전체,경력무관,학력무관,교육생
2024-03-26,2024년 INGSTORY 개발팀 대규모 채용,(주)아이엔지스토리,http://www.saramin.co.kr/zf_user/jobs/relay/view?view_type=search&rec_idx=47860551&location=ts&searchword=%EB%8D%B0%EC%9D%B4%ED%84%B0%EB%B6%84%EC%84%9D%EA%B0%80&searchType=search&paid_fl=n&search_uuid=657d38b5-5850-43a8-bd0a-7519d3bf7915,~ 04/12(금),서울 강남구,경력5년↑,학력무관,정규직
2024-03-26,2024년 정규직(신입)/전문계약직/청년인턴(장애)/공무직(보안) 채용,한국벤처투자,http://www.saramin.co.kr/zf_user/jobs/relay/view?view_type=search&rec_idx=47839653&location=ts&searchword=%EB%8D%B0%EC%9D%B4%ED%84%B0%EB%B6%84%EC%84%9D%EA%B0%80&searchType=search&paid_fl=n&search_uuid=657d38b5-5850-43a8-bd0a-7519d3bf7915,진행예정,서울 서초구,신입·경력,학력무관,정규직·계약직
2024-03-26,시계열 데이터 엔지니어링 데이터 사이언스,쓰리알이노베이션(주),http://www.saramin.co.kr/zf_user/jobs/relay/view?view_type=search&rec_idx=47584397&location=ts&searchword=%EB%8D%B0%EC%9D%B4%ED%84%B0%EB%B6%84%EC%84%9D%EA%B0%80&searchType=search&paid_fl=n&search_uuid=657d38b5-5850-43a8-bd0a-7519d3bf7915,상시채용,서울 서초구,신입·경력,대졸↑,정규직·파트
2024-03-26,함께 성장할 빅데이터분석 지원자를 모십니다.,포체인스(주),http://www.saramin.co.kr/zf_user/jobs/relay/view?view_type=search&rec_idx=47799176&location=ts&searchword=%EB%8D%B0%EC%9D%B4%ED%84%B0%EB%B6%84%EC%84%9D%EA%B0%80&searchType=search&paid_fl=n&search_uuid=657d38b5-5850-43a8-bd0a-7519d3bf7915,상시채용,경기 고양시 일산서구,경력무관,대졸↑,정규직
2024-03-26,인공지능/딥러닝 기반 문화콘텐츠 기술연구원[전문연구요원 가능],(주)닷밀,http://www.saramin.co.kr/zf_user/jobs/relay/view?view_type=search&rec_idx=47683791&location=ts&searchword=%EB%8D%B0%EC%9D%B4%ED%84%B0%EB%B6%84%EC%84%9D%EA%B0%80&searchType=search&paid_fl=n&search_uuid=657d38b5-5850-43a8-bd0a-7519d3bf7915,상시채용,서울 마포구,신입·경력,대졸↑,정규직
2024-03-26,충북대학교 보건과학융합연구소 2024년도 연구원 3차 채용,충청북도공공보건의료지원단,http://www.saramin.co.kr/zf_user/jobs/relay/view?view_type=search&rec_idx=47748498&location=ts&searchword=%EB%8D%B0%EC%9D%B4%ED%84%B0%EB%B6%84%EC%84%9D%EA%B0%80&searchType=search&paid_fl=n&search_uuid=657d38b5-5850-43a8-bd0a-7519d3bf7915,~ 04/12(금),충북 청주시 서원구,경력무관,석사↑,계약직
2024-03-26,소프트웨어 / 데이터 사이언스 개발자 채용,(주)로그엔코딩,http://www.saramin.co.kr/zf_user/jobs/relay/view?view_type=search&rec_idx=47718936&location=ts&searchword=%EB%8D%B0%EC%9D%B4%ED%84%B0%EB%B6%84%EC%84%9D%EA%B0%80&searchType=search&paid_fl=n&search_uuid=657d38b5-5850-43a8-bd0a-7519d3bf7915,~ 04/05(금),서울 강남구,경력무관,대졸↑,정규직·계약직
